"../../../Engine/Plugins/Animation/ACLPlugin/Content/ACLAnimCurveCompressionSettings.uasset" 0
"../../../Engine/Plugins/Animation/ACLPlugin/Content/ACLAnimCurveCompressionSettings.uexp" 1
"../../../Engine/Plugins/Animation/ACLPlugin/Content/ACLAnimBoneCompressionSettings.uasset" 2
"../../../Engine/Plugins/Animation/ACLPlugin/Content/ACLAnimBoneCompressionSettings.uexp" 3
"../../../Engine/Plugins/2D/Paper2D/Content/PlaceholderTextures/DummySpriteTexture.ubulk" 4
"../../../Engine/Plugins/2D/Paper2D/Content/PlaceholderTextures/DummySpriteTexture.uasset" 5
"../../../Engine/Plugins/2D/Paper2D/Content/PlaceholderTextures/DummySpriteTexture.uexp" 6
"../../../Engine/Plugins/2D/Paper2D/Content/DummySprite.uasset" 7
"../../../Engine/Plugins/2D/Paper2D/Content/DummySprite.uexp" 8
"../../../Engine/Plugins/2D/Paper2D/Content/DefaultPaperTerrainMaterial.uasset" 9
"../../../Engine/Plugins/2D/Paper2D/Content/DefaultPaperTerrainMaterial.uexp" 10
"../../../Engine/Plugins/Animation/ControlRig/Content/Controls/DefaultGizmoLibraryNormalized.uasset" 11
"../../../Engine/Plugins/Animation/ControlRig/Content/Controls/DefaultGizmoLibraryNormalized.uexp" 12
"../../../Engine/Content/EngineSounds/Master.uasset" 13
"../../../Engine/Content/EngineSounds/Master.uexp" 14
"../../../Engine/Content/EngineMaterials/DefaultPhysicalMaterial.uasset" 15
"../../../Engine/Content/EngineMaterials/DefaultPhysicalMaterial.uexp" 16
"../../../Engine/Content/EngineMaterials/DefaultDestructiblePhysicalMaterial.uasset" 17
"../../../Engine/Content/EngineMaterials/DefaultDestructiblePhysicalMaterial.uexp" 18
"../../../Engine/Content/EngineFonts/Faces/RobotoLight.uexp" 19
"../../../Engine/Content/EngineFonts/Faces/RobotoLight.uasset" 20
"../../../Engine/Content/EngineFonts/Faces/RobotoLight.ufont" 21
"../../../Engine/Content/EngineFonts/Faces/RobotoBold.uexp" 22
"../../../Engine/Content/EngineFonts/Faces/RobotoBold.uasset" 23
"../../../Engine/Content/EngineFonts/Faces/RobotoBold.ufont" 24
"../../../Engine/Content/EngineFonts/Faces/RobotoRegular.uexp" 25
"../../../Engine/Content/EngineFonts/Faces/RobotoRegular.uasset" 26
"../../../Engine/Content/EngineFonts/Faces/RobotoRegular.ufont" 27
"../../../Engine/Content/EngineFonts/Faces/DroidSansFallback.uexp" 28
"../../../Engine/Content/EngineFonts/Faces/DroidSansFallback.uasset" 29
"../../../Engine/Content/EngineFonts/Faces/DroidSansFallback.ufont" 30
"../../../Engine/Content/EngineFonts/Faces/RobotoItalic.uexp" 31
"../../../Engine/Content/EngineFonts/Faces/RobotoItalic.uasset" 32
"../../../Engine/Content/EngineFonts/Faces/RobotoItalic.ufont" 33
"../../../Engine/Content/EngineFonts/Faces/RobotoBoldItalic.uexp" 34
"../../../Engine/Content/EngineFonts/Faces/RobotoBoldItalic.uasset" 35
"../../../Engine/Content/EngineFonts/Faces/RobotoBoldItalic.ufont" 36
"../../../Engine/Content/EngineFonts/Roboto.uasset" 37
"../../../Engine/Content/EngineFonts/Roboto.uexp" 38
"../../../Engine/Content/MobileResources/HUD/VirtualJoystick_Background.uasset" 39
"../../../Engine/Content/MobileResources/HUD/VirtualJoystick_Background.uexp" 40
"../../../Engine/Content/MobileResources/HUD/VirtualJoystick_Thumb.uasset" 41
"../../../Engine/Content/MobileResources/HUD/VirtualJoystick_Thumb.uexp" 42
"../../../Engine/Content/MobileResources/HUD/DefaultVirtualJoysticks.uasset" 43
"../../../Engine/Content/MobileResources/HUD/DefaultVirtualJoysticks.uexp" 44
"../../../Engine/Content/EditorResources/S_Actor.ubulk" 45
"../../../Engine/Content/EditorResources/S_Actor.uasset" 46
"../../../Engine/Content/EditorResources/S_Actor.uexp" 47
"../../../Engine/Content/EditorResources/S_BoxReflectionCapture.uasset" 48
"../../../Engine/Content/EditorResources/S_BoxReflectionCapture.uexp" 49
"../../../Engine/Content/EngineResources/DefaultTexture.ubulk" 50
"../../../Engine/Content/EngineResources/DefaultTexture.uasset" 51
"../../../Engine/Content/EngineResources/DefaultTexture.uexp" 52
"../../../Engine/Content/EngineResources/DefaultTextureCube.uasset" 53
"../../../Engine/Content/EngineResources/DefaultTextureCube.uexp" 54
"../../../Engine/Content/EngineResources/DefaultVolumeTexture2D.uasset" 55
"../../../Engine/Content/EngineResources/DefaultVolumeTexture2D.uexp" 56
"../../../Engine/Content/EngineResources/DefaultVolumeTexture.uasset" 57
"../../../Engine/Content/EngineResources/DefaultVolumeTexture.uexp" 58
"../../../Engine/Content/Functions/Engine_MaterialFunctions02/WorldPositionOffset/CameraOffset.uasset" 59
"../../../Engine/Content/Functions/Engine_MaterialFunctions02/WorldPositionOffset/CameraOffset.uexp" 60
"../../../Engine/Plugins/Animation/ControlRig/Content/M_Manip.uasset" 61
"../../../Engine/Plugins/Animation/ControlRig/Content/M_Manip.uexp" 62
"../../../Engine/Plugins/Runtime/MeshModelingToolset/Content/Materials/M_DynamicMeshComponentVtxColor.uasset" 63
"../../../Engine/Plugins/Runtime/MeshModelingToolset/Content/Materials/M_DynamicMeshComponentVtxColor.uexp" 64
"../../../Engine/Plugins/Runtime/HairStrands/Content/Materials/HairMeshesDefaultMaterial.uasset" 65
"../../../Engine/Plugins/Runtime/HairStrands/Content/Materials/HairMeshesDefaultMaterial.uexp" 66
"../../../Engine/Plugins/Runtime/HairStrands/Content/Materials/HairDefaultMaterial.uasset" 67
"../../../Engine/Plugins/Runtime/HairStrands/Content/Materials/HairDefaultMaterial.uexp" 68
"../../../Engine/Plugins/Runtime/HairStrands/Content/Materials/HairGroupColors.uasset" 69
"../../../Engine/Plugins/Runtime/HairStrands/Content/Materials/HairGroupColors.uexp" 70
"../../../Engine/Content/Functions/Engine_MaterialFunctions02/Utility/MakeFloat2.uasset" 71
"../../../Engine/Content/Functions/Engine_MaterialFunctions02/Utility/MakeFloat2.uexp" 72
"../../../Engine/Content/Functions/Engine_MaterialFunctions02/Utility/MakeFloat3.uasset" 73
"../../../Engine/Content/Functions/Engine_MaterialFunctions02/Utility/MakeFloat3.uexp" 74
"../../../Engine/Content/EngineMaterials/HairColorMap.uasset" 75
"../../../Engine/Content/EngineMaterials/HairColorMap.uexp" 76
"../../../Engine/Content/EngineMaterials/HairDebugColor.uasset" 77
"../../../Engine/Content/EngineMaterials/HairDebugColor.uexp" 78
"../../../Engine/Plugins/Runtime/HairStrands/Content/Materials/HairDebugMaterial.uasset" 79
"../../../Engine/Plugins/Runtime/HairStrands/Content/Materials/HairDebugMaterial.uexp" 80
"../../../Engine/Plugins/Runtime/HairStrands/Content/Materials/HairCardsDefaultMaterial.uasset" 81
"../../../Engine/Plugins/Runtime/HairStrands/Content/Materials/HairCardsDefaultMaterial.uexp" 82
"../../../Engine/Plugins/Runtime/AudioWidgets/Content/Resources/ScrubHandleDown_Clamped.uasset" 83
"../../../Engine/Plugins/Runtime/AudioWidgets/Content/Resources/ScrubHandleDown_Clamped.uexp" 84
"../../../Engine/Plugins/Interchange/Assets/Content/Functions/MX_UsdPreviewSurface.uasset" 85
"../../../Engine/Plugins/Interchange/Assets/Content/Functions/MX_UsdPreviewSurface.uexp" 86
"../../../Engine/Plugins/Interchange/Assets/Content/Functions/MX_UniformEDF.uasset" 87
"../../../Engine/Plugins/Interchange/Assets/Content/Functions/MX_UniformEDF.uexp" 88
"../../../Engine/Plugins/Interchange/Assets/Content/Functions/MX_TranslucentBSDF.uasset" 89
"../../../Engine/Plugins/Interchange/Assets/Content/Functions/MX_TranslucentBSDF.uexp" 90
"../../../Engine/Plugins/Interchange/Assets/Content/Functions/MX_ThinFilmBSDF.uasset" 91
"../../../Engine/Plugins/Interchange/Assets/Content/Functions/MX_ThinFilmBSDF.uexp" 92
"../../../Engine/Plugins/Interchange/Assets/Content/Functions/MX_SurfaceUnlit.uasset" 93
"../../../Engine/Plugins/Interchange/Assets/Content/Functions/MX_SurfaceUnlit.uexp" 94
"../../../Engine/Plugins/Interchange/Assets/Content/Functions/MX_Surface.uasset" 95
"../../../Engine/Plugins/Interchange/Assets/Content/Functions/MX_Surface.uexp" 96
"../../../Engine/Plugins/Interchange/Assets/Content/Functions/MX_SubsurfaceBSDF.uasset" 97
"../../../Engine/Plugins/Interchange/Assets/Content/Functions/MX_SubsurfaceBSDF.uexp" 98
"../../../Engine/Plugins/Interchange/Assets/Content/Functions/MX_SheenBSDF.uasset" 99
"../../../Engine/Plugins/Interchange/Assets/Content/Functions/MX_SheenBSDF.uexp" 100
"../../../Engine/Plugins/Interchange/Assets/Content/Functions/MX_OrenNayarBSDF.uasset" 101
"../../../Engine/Plugins/Interchange/Assets/Content/Functions/MX_OrenNayarBSDF.uexp" 102
"../../../Engine/Plugins/Interchange/Assets/Content/Utilities/New_LUT.uasset" 103
"../../../Engine/Plugins/Interchange/Assets/Content/Utilities/New_LUT.uexp" 104
"../../../Engine/Content/Functions/Engine_MaterialFunctions03/Math/RemapValueRange.uasset" 105
"../../../Engine/Content/Functions/Engine_MaterialFunctions03/Math/RemapValueRange.uexp" 106
"../../../Engine/Plugins/Interchange/Assets/Content/Functions/MF_Iridescence.uasset" 107
"../../../Engine/Plugins/Interchange/Assets/Content/Functions/MF_Iridescence.uexp" 108
"../../../Engine/Plugins/Interchange/Assets/Content/Functions/MX_StandardSurface.uasset" 109
"../../../Engine/Plugins/Interchange/Assets/Content/Functions/MX_StandardSurface.uexp" 110
"../../../Engine/Plugins/Interchange/Assets/Content/Functions/MX_TransmissionSurface.uasset" 111
"../../../Engine/Plugins/Interchange/Assets/Content/Functions/MX_TransmissionSurface.uexp" 112
"../../../Engine/Plugins/Interchange/Assets/Content/Functions/MX_OpenPBR_Translucent.uasset" 113
"../../../Engine/Plugins/Interchange/Assets/Content/Functions/MX_OpenPBR_Translucent.uexp" 114
"../../../Engine/Plugins/Interchange/Assets/Content/Functions/MX_OpenPBR_Opaque.uasset" 115
"../../../Engine/Plugins/Interchange/Assets/Content/Functions/MX_OpenPBR_Opaque.uexp" 116
"../../../Engine/Plugins/Interchange/Assets/Content/Functions/MX_MeasuredEDF.uasset" 117
"../../../Engine/Plugins/Interchange/Assets/Content/Functions/MX_MeasuredEDF.uexp" 118
"../../../Engine/Plugins/Interchange/Assets/Content/Functions/MX_GeneralizedSchlickBSDF.uasset" 119
"../../../Engine/Plugins/Interchange/Assets/Content/Functions/MX_GeneralizedSchlickBSDF.uexp" 120
"../../../Engine/Plugins/Interchange/Assets/Content/Functions/MX_DielectricBSDF.uasset" 121
"../../../Engine/Plugins/Interchange/Assets/Content/Functions/MX_DielectricBSDF.uexp" 122
"../../../Engine/Plugins/Interchange/Assets/Content/Functions/MX_ConicalEDF.uasset" 123
"../../../Engine/Plugins/Interchange/Assets/Content/Functions/MX_ConicalEDF.uexp" 124
"../../../Engine/Plugins/Interchange/Assets/Content/Functions/MX_ConductorBSDF.uasset" 125
"../../../Engine/Plugins/Interchange/Assets/Content/Functions/MX_ConductorBSDF.uexp" 126
"../../../Engine/Plugins/Interchange/Assets/Content/Functions/MX_BurleyDiffuseBSDF.uasset" 127
"../../../Engine/Plugins/Interchange/Assets/Content/Functions/MX_BurleyDiffuseBSDF.uexp" 128
"../../../Engine/Plugins/Interchange/Assets/Content/Functions/MX_AnisotropicVDF.uasset" 129
"../../../Engine/Plugins/Interchange/Assets/Content/Functions/MX_AnisotropicVDF.uexp" 130
"../../../Engine/Plugins/Interchange/Assets/Content/Functions/MX_AbsorptionVDF.uasset" 131
"../../../Engine/Plugins/Interchange/Assets/Content/Functions/MX_AbsorptionVDF.uexp" 132
"../../../Engine/Plugins/Editor/SpeedTreeImporter/Content/SpeedTree9/game_wind_noise.ubulk" 133
"../../../Engine/Plugins/Editor/SpeedTreeImporter/Content/SpeedTree9/game_wind_noise.uasset" 134
"../../../Engine/Plugins/Editor/SpeedTreeImporter/Content/SpeedTree9/game_wind_noise.uexp" 135
"../../../Engine/Plugins/Editor/SpeedTreeImporter/Content/SpeedTree9/UnpackDirection.uasset" 136
"../../../Engine/Plugins/Editor/SpeedTreeImporter/Content/SpeedTree9/UnpackDirection.uexp" 137
"../../../Engine/Content/Functions/Engine_MaterialFunctions02/ObjectLocalBounds.uasset" 138
"../../../Engine/Content/Functions/Engine_MaterialFunctions02/ObjectLocalBounds.uexp" 139
"../../../Engine/Content/Functions/Engine_MaterialFunctions02/Utility/BreakOutFloat3Components.uasset" 140
"../../../Engine/Content/Functions/Engine_MaterialFunctions02/Utility/BreakOutFloat3Components.uexp" 141
"../../../Engine/Content/Functions/Engine_MaterialFunctions02/UVs/BoundingBoxBased_0-1_UVW.uasset" 142
"../../../Engine/Content/Functions/Engine_MaterialFunctions02/UVs/BoundingBoxBased_0-1_UVW.uexp" 143
"../../../Engine/Content/Functions/Engine_MaterialFunctions02/Utility/VectorLength.uasset" 144
"../../../Engine/Content/Functions/Engine_MaterialFunctions02/Utility/VectorLength.uexp" 145
"../../../Engine/Plugins/Editor/SpeedTreeImporter/Content/SpeedTree9/UnpackInteger3.uasset" 146
"../../../Engine/Plugins/Editor/SpeedTreeImporter/Content/SpeedTree9/UnpackInteger3.uexp" 147
"../../../Engine/Plugins/Editor/SpeedTreeImporter/Content/SpeedTree9/SpeedTreeCameraFacing.uasset" 148
"../../../Engine/Plugins/Editor/SpeedTreeImporter/Content/SpeedTree9/SpeedTreeCameraFacing.uexp" 149
"../../../Engine/Content/Functions/Engine_MaterialFunctions02/WorldPositionOffset/ObjectScale.uasset" 150
"../../../Engine/Content/Functions/Engine_MaterialFunctions02/WorldPositionOffset/ObjectScale.uexp" 151
"../../../Engine/Content/Functions/Engine_MaterialFunctions02/SafeNormalize.uasset" 152
"../../../Engine/Content/Functions/Engine_MaterialFunctions02/SafeNormalize.uexp" 153
"../../../Engine/Plugins/Editor/SpeedTreeImporter/Content/SpeedTree9/SpeedTreeWindMotion.uasset" 154
"../../../Engine/Plugins/Editor/SpeedTreeImporter/Content/SpeedTree9/SpeedTreeWindMotion.uexp" 155
"../../../Engine/Plugins/Editor/SpeedTreeImporter/Content/SpeedTree9/SpeedTreeBranchMotion.uasset" 156
"../../../Engine/Plugins/Editor/SpeedTreeImporter/Content/SpeedTree9/SpeedTreeBranchMotion.uexp" 157
"../../../Engine/Plugins/Editor/SpeedTreeImporter/Content/SpeedTree9/SpeedTreeWind.uasset" 158
"../../../Engine/Plugins/Editor/SpeedTreeImporter/Content/SpeedTree9/SpeedTreeWind.uexp" 159
"../../../Engine/Plugins/Editor/SpeedTreeImporter/Content/SpeedTree9/EmptyNormal.uasset" 160
"../../../Engine/Plugins/Editor/SpeedTreeImporter/Content/SpeedTree9/EmptyNormal.uexp" 161
"../../../Engine/Plugins/Editor/SpeedTreeImporter/Content/SpeedTree9/Empty.uasset" 162
"../../../Engine/Plugins/Editor/SpeedTreeImporter/Content/SpeedTree9/Empty.uexp" 163
"../../../Engine/Plugins/Editor/SpeedTreeImporter/Content/SpeedTree9/SpeedTreeMaster.uasset" 164
"../../../Engine/Plugins/Editor/SpeedTreeImporter/Content/SpeedTree9/SpeedTreeMaster.uexp" 165
"../../../Engine/Plugins/Editor/SpeedTreeImporter/Content/SpeedTree9/SpeedTreeBillboard.uasset" 166
"../../../Engine/Plugins/Editor/SpeedTreeImporter/Content/SpeedTree9/SpeedTreeBillboard.uexp" 167
"../../../Engine/Plugins/Editor/SpeedTreeImporter/Content/SpeedTree9/SpeedTreeBillboardMaster.uasset" 168
"../../../Engine/Plugins/Editor/SpeedTreeImporter/Content/SpeedTree9/SpeedTreeBillboardMaster.uexp" 169
"../../../Engine/Plugins/Animation/ControlRig/Content/Controls/ControlRigXRayMaterial.uasset" 170
"../../../Engine/Plugins/Animation/ControlRig/Content/Controls/ControlRigXRayMaterial.uexp" 171
"../../../Engine/Plugins/Animation/ControlRig/Content/Controls/ControlRigGizmoMaterial.uasset" 172
"../../../Engine/Plugins/Animation/ControlRig/Content/Controls/ControlRigGizmoMaterial.uexp" 173
"../../../Engine/Content/EngineResources/GradientTexture0.uasset" 174
"../../../Engine/Content/EngineResources/GradientTexture0.uexp" 175
"../../../Engine/Content/EngineResources/Black.uasset" 176
"../../../Engine/Content/EngineResources/Black.uexp" 177
"../../../Engine/Content/EngineMaterials/RemoveSurfaceMaterial.uasset" 178
"../../../Engine/Content/EngineMaterials/RemoveSurfaceMaterial.uexp" 179
"../../../Engine/Content/EngineMaterials/PreintegratedSkinBRDF.uasset" 180
"../../../Engine/Content/EngineMaterials/PreintegratedSkinBRDF.uexp" 181
"../../../Engine/Content/EngineMaterials/DefaultCalibrationGrayscale.uasset" 182
"../../../Engine/Content/EngineMaterials/DefaultCalibrationGrayscale.uexp" 183
"../../../Engine/Content/EngineMaterials/PPM_DefaultCalibrationGrayscale.uasset" 184
"../../../Engine/Content/EngineMaterials/PPM_DefaultCalibrationGrayscale.uexp" 185
"../../../Engine/Content/EngineMaterials/DefaultCalibrationColor.uasset" 186
"../../../Engine/Content/EngineMaterials/DefaultCalibrationColor.uexp" 187
"../../../Engine/Content/EngineMaterials/PPM_DefaultCalibrationColor.uasset" 188
"../../../Engine/Content/EngineMaterials/PPM_DefaultCalibrationColor.uexp" 189
"../../../Engine/Content/EngineMaterials/PhAT_JointLimitMaterial.uasset" 190
"../../../Engine/Content/EngineMaterials/PhAT_JointLimitMaterial.uexp" 191
"../../../Engine/Content/EngineMaterials/NaniteHiddenSectionMaterial.uasset" 192
"../../../Engine/Content/EngineMaterials/NaniteHiddenSectionMaterial.uexp" 193
"../../../Engine/Content/EngineMaterials/InvalidLightmapSettings.ubulk" 194
"../../../Engine/Content/EngineMaterials/InvalidLightmapSettings.uasset" 195
"../../../Engine/Content/EngineMaterials/InvalidLightmapSettings.uexp" 196
"../../../Engine/Content/EngineMaterials/M_InvalidLightmapSettings.uasset" 197
"../../../Engine/Content/EngineMaterials/M_InvalidLightmapSettings.uexp" 198
"../../../Engine/Content/EngineMaterials/MiniFont.uasset" 199
"../../../Engine/Content/EngineMaterials/MiniFont.uexp" 200
"../../../Engine/Content/EngineMaterials/GizmoMaterial.uasset" 201
"../../../Engine/Content/EngineMaterials/GizmoMaterial.uexp" 202
"../../../Engine/Content/EngineMaterials/BaseFlattenEmissiveMap_VT.uasset" 203
"../../../Engine/Content/EngineMaterials/BaseFlattenEmissiveMap_VT.uexp" 204
"../../../Engine/Content/EngineMaterials/BaseFlattenGrayscaleMap_VT.uasset" 205
"../../../Engine/Content/EngineMaterials/BaseFlattenGrayscaleMap_VT.uexp" 206
"../../../Engine/Content/EngineMaterials/BaseFlattenLinearColor_VT.uasset" 207
"../../../Engine/Content/EngineMaterials/BaseFlattenLinearColor_VT.uexp" 208
"../../../Engine/Content/EngineMaterials/Black_1x1_EXR_Texture_VT.uasset" 209
"../../../Engine/Content/EngineMaterials/Black_1x1_EXR_Texture_VT.uexp" 210
"../../../Engine/Content/EngineMaterials/BaseFlattenDiffuseMap_VT.uasset" 211
"../../../Engine/Content/EngineMaterials/BaseFlattenDiffuseMap_VT.uexp" 212
"../../../Engine/Content/EngineMaterials/BaseFlattenNormalMap_VT.uasset" 213
"../../../Engine/Content/EngineMaterials/BaseFlattenNormalMap_VT.uexp" 214
"../../../Engine/Content/EngineMaterials/FlattenMaterial_WS_Normal_VT.uasset" 215
"../../../Engine/Content/EngineMaterials/FlattenMaterial_WS_Normal_VT.uexp" 216
"../../../Engine/Content/EngineMaterials/FlattenMaterial_VT.uasset" 217
"../../../Engine/Content/EngineMaterials/FlattenMaterial_VT.uexp" 218
"../../../Engine/Content/EngineMaterials/BaseFlattenNormalMap.uasset" 219
"../../../Engine/Content/EngineMaterials/BaseFlattenNormalMap.uexp" 220
"../../../Engine/Content/EngineMaterials/BaseFlattenGrayscaleMap.uasset" 221
"../../../Engine/Content/EngineMaterials/BaseFlattenGrayscaleMap.uexp" 222
"../../../Engine/Content/EngineMaterials/BaseFlattenDiffuseMap.uasset" 223
"../../../Engine/Content/EngineMaterials/BaseFlattenDiffuseMap.uexp" 224
"../../../Engine/Content/Functions/Engine_MaterialFunctions02/PivotPainter2/Black_1x1_EXR_Texture.uasset" 225
"../../../Engine/Content/Functions/Engine_MaterialFunctions02/PivotPainter2/Black_1x1_EXR_Texture.uexp" 226
"../../../Engine/Content/EngineMaterials/BaseFlattenEmissiveMap.uasset" 227
"../../../Engine/Content/EngineMaterials/BaseFlattenEmissiveMap.uexp" 228
"../../../Engine/Content/EngineMaterials/BaseFlattenLinearColor.uasset" 229
"../../../Engine/Content/EngineMaterials/BaseFlattenLinearColor.uexp" 230
"../../../Engine/Content/EngineMaterials/FlattenMaterial.uasset" 231
"../../../Engine/Content/EngineMaterials/FlattenMaterial.uexp" 232
"../../../Engine/Content/EngineMaterials/FastBlueNoise_vec2_128x128x64.uasset" 233
"../../../Engine/Content/EngineMaterials/FastBlueNoise_vec2_128x128x64.uexp" 234
"../../../Engine/Content/EngineMaterials/FastBlueNoise_scalar_128x128x64.uasset" 235
"../../../Engine/Content/EngineMaterials/FastBlueNoise_scalar_128x128x64.uexp" 236
"../../../Engine/Content/EngineMaterials/DefaultWhiteGrid_Low.uasset" 237
"../../../Engine/Content/EngineMaterials/DefaultWhiteGrid_Low.uexp" 238
"../../../Engine/Content/EngineMaterials/EmissiveMeshMaterial.uasset" 239
"../../../Engine/Content/EngineMaterials/EmissiveMeshMaterial.uexp" 240
"../../../Engine/Content/EngineMaterials/DefaultWhiteGrid.ubulk" 241
"../../../Engine/Content/EngineMaterials/DefaultWhiteGrid.uasset" 242
"../../../Engine/Content/EngineMaterials/DefaultWhiteGrid.uexp" 243
"../../../Engine/Content/EngineFonts/RobotoDistanceField.uasset" 244
"../../../Engine/Content/EngineFonts/RobotoDistanceField.uexp" 245
"../../../Engine/Content/EngineMaterials/DefaultTextMaterialOpaque.uasset" 246
"../../../Engine/Content/EngineMaterials/DefaultTextMaterialOpaque.uexp" 247
"../../../Engine/Content/EngineMaterials/DefaultDiffuse.ubulk" 248
"../../../Engine/Content/EngineMaterials/DefaultDiffuse.uasset" 249
"../../../Engine/Content/EngineMaterials/DefaultDiffuse.uexp" 250
"../../../Engine/Content/Functions/Engine_MaterialFunctions02/Utility/BreakOutFloat2Components.uasset" 251
"../../../Engine/Content/Functions/Engine_MaterialFunctions02/Utility/BreakOutFloat2Components.uexp" 252
"../../../Engine/Content/EngineMaterials/DefaultPostProcessMaterial.uasset" 253
"../../../Engine/Content/EngineMaterials/DefaultPostProcessMaterial.uexp" 254
"../../../Engine/Content/EngineMaterials/DefaultLightFunctionMaterial.uasset" 255
"../../../Engine/Content/EngineMaterials/DefaultLightFunctionMaterial.uexp" 256
"../../../Engine/Content/EngineMaterials/DefaultDeferredDecalMaterial.uasset" 257
"../../../Engine/Content/EngineMaterials/DefaultDeferredDecalMaterial.uexp" 258
"../../../Engine/Content/EngineMaterials/DefaultBokeh.uasset" 259
"../../../Engine/Content/EngineMaterials/DefaultBokeh.uexp" 260
"../../../Engine/Content/EngineMaterials/DefaultBloomKernel.uasset" 261
"../../../Engine/Content/EngineMaterials/DefaultBloomKernel.uexp" 262
"../../../Engine/Content/Functions/Engine_MaterialFunctions02/Utility/CameraDirectionVector.uasset" 263
"../../../Engine/Content/Functions/Engine_MaterialFunctions02/Utility/CameraDirectionVector.uexp" 264
"../../../Engine/Content/EngineDebugMaterials/VolumeToRender.uasset" 265
"../../../Engine/Content/EngineDebugMaterials/VolumeToRender.uexp" 266
"../../../Engine/Content/EngineDebugMaterials/M_VolumeRenderSphereTracePP.uasset" 267
"../../../Engine/Content/EngineDebugMaterials/M_VolumeRenderSphereTracePP.uexp" 268
"../../../Engine/Content/EngineDebugMaterials/M_SimpleUnlitTranslucent.uasset" 269
"../../../Engine/Content/EngineDebugMaterials/M_SimpleUnlitTranslucent.uexp" 270
"../../../Engine/Content/EngineDebugMaterials/DebugMeshMaterial.uasset" 271
"../../../Engine/Content/EngineDebugMaterials/DebugMeshMaterial.uexp" 272
"../../../Engine/Content/EngineDebugMaterials/DebugEditorMaterial.uasset" 273
"../../../Engine/Content/EngineDebugMaterials/DebugEditorMaterial.uexp" 274
"../../../Engine/Content/EngineDamageTypes/DmgTypeBP_Environmental.uasset" 275
"../../../Engine/Content/EngineDamageTypes/DmgTypeBP_Environmental.uexp" 276
"../../../Engine/Content/EditorResources/S_TriggerSphere.uasset" 277
"../../../Engine/Content/EditorResources/S_TriggerSphere.uexp" 278
"../../../Engine/Content/EditorResources/S_TriggerCapsule.uasset" 279
"../../../Engine/Content/EditorResources/S_TriggerCapsule.uexp" 280
"../../../Engine/Content/EditorResources/S_TriggerBox.uasset" 281
"../../../Engine/Content/EditorResources/S_TriggerBox.uexp" 282
"../../../Engine/Content/EditorResources/S_Trigger.ubulk" 283
"../../../Engine/Content/EditorResources/S_Trigger.uasset" 284
"../../../Engine/Content/EditorResources/S_Trigger.uexp" 285
"../../../Engine/Content/EditorResources/S_Terrain.ubulk" 286
"../../../Engine/Content/EditorResources/S_Terrain.uasset" 287
"../../../Engine/Content/EditorResources/S_Terrain.uexp" 288
"../../../Engine/Content/EditorResources/S_Solver.ubulk" 289
"../../../Engine/Content/EditorResources/S_Solver.uasset" 290
"../../../Engine/Content/EditorResources/S_Solver.uexp" 291
"../../../Engine/Content/EditorResources/EmptyActor.uasset" 292
"../../../Engine/Content/EditorResources/EmptyActor.uexp" 293
"../../../Engine/Content/EditorResources/BSPVertex.uasset" 294
"../../../Engine/Content/EditorResources/BSPVertex.uexp" 295
"../../../Engine/Content/EditorMaterials/PreviewShadowIndicator.ubulk" 296
"../../../Engine/Content/EditorMaterials/PreviewShadowIndicator.uasset" 297
"../../../Engine/Content/EditorMaterials/PreviewShadowIndicator.uexp" 298
"../../../Engine/Content/EditorMaterials/PreviewShadowIndicatorMaterial.uasset" 299
"../../../Engine/Content/EditorMaterials/PreviewShadowIndicatorMaterial.uexp" 300
"../../../Engine/Content/EditorMaterials/PhAT_UnselectedMaterial.uasset" 301
"../../../Engine/Content/EditorMaterials/PhAT_UnselectedMaterial.uexp" 302
"../../../Engine/Content/EditorMaterials/PhAT_NoCollisionMaterial.uasset" 303
"../../../Engine/Content/EditorMaterials/PhAT_NoCollisionMaterial.uexp" 304
"../../../Engine/Content/EditorLandscapeResources/DefaultAlphaTexture.uasset" 305
"../../../Engine/Content/EditorLandscapeResources/DefaultAlphaTexture.uexp" 306
"../../../Engine/Content/BasicShapes/BasicShapeMaterial.uasset" 307
"../../../Engine/Content/BasicShapes/BasicShapeMaterial.uexp" 308
"../../../Engine/Content/EngineResources/FilmGrains/Marcie_Grain_v3_128_M2_000.uasset" 309
"../../../Engine/Content/EngineResources/FilmGrains/Marcie_Grain_v3_128_M2_000.uexp" 310
"../../../Engine/Content/EngineMaterials/LTC/Sheen_LTC.uasset" 311
"../../../Engine/Content/EngineMaterials/LTC/Sheen_LTC.uexp" 312
"../../../Engine/Content/EngineMaterials/LTC/GGX_LTCMat.uasset" 313
"../../../Engine/Content/EngineMaterials/LTC/GGX_LTCMat.uexp" 314
"../../../Engine/Content/EngineMaterials/LTC/GGX_LTCAmp.uasset" 315
"../../../Engine/Content/EngineMaterials/LTC/GGX_LTCAmp.uexp" 316
"../../../Engine/Content/EngineMaterials/EnergyConservation/Sheen_Energy.uasset" 317
"../../../Engine/Content/EngineMaterials/EnergyConservation/Sheen_Energy.uexp" 318
"../../../Engine/Content/EngineMaterials/EnergyConservation/SheenLegacy_Energy.uasset" 319
"../../../Engine/Content/EngineMaterials/EnergyConservation/SheenLegacy_Energy.uexp" 320
"../../../Engine/Content/EngineMaterials/EnergyConservation/GGX_TransmissionEnergyArray.uasset" 321
"../../../Engine/Content/EngineMaterials/EnergyConservation/GGX_TransmissionEnergyArray.uexp" 322
"../../../Engine/Content/EngineMaterials/EnergyConservation/GGX_ReflectionEnergy.uasset" 323
"../../../Engine/Content/EngineMaterials/EnergyConservation/GGX_ReflectionEnergy.uexp" 324
"../../../Engine/Content/EngineMaterials/EnergyConservation/Diffuse_Energy.uasset" 325
"../../../Engine/Content/EngineMaterials/EnergyConservation/Diffuse_Energy.uexp" 326
"../../../Engine/Content/EditorResources/SequenceRecorder/RecordingIndicator.uasset" 327
"../../../Engine/Content/EditorResources/SequenceRecorder/RecordingIndicator.uexp" 328
"../../../Engine/Content/EditorResources/SequenceRecorder/Countdown.uasset" 329
"../../../Engine/Content/EditorResources/SequenceRecorder/Countdown.uexp" 330
"../../../Engine/Content/EditorMaterials/ParticleSystems/PSysThumbnail_OOD.ubulk" 331
"../../../Engine/Content/EditorMaterials/ParticleSystems/PSysThumbnail_OOD.uasset" 332
"../../../Engine/Content/EditorMaterials/ParticleSystems/PSysThumbnail_OOD.uexp" 333
"../../../Engine/Content/EditorMaterials/ParticleSystems/PSysThumbnail_NoImage.ubulk" 334
"../../../Engine/Content/EditorMaterials/ParticleSystems/PSysThumbnail_NoImage.uasset" 335
"../../../Engine/Content/EditorMaterials/ParticleSystems/PSysThumbnail_NoImage.uexp" 336
"../../../Engine/Content/EditorMaterials/Dataflow/DataflowVertexMaterial.uasset" 337
"../../../Engine/Content/EditorMaterials/Dataflow/DataflowVertexMaterial.uexp" 338
"../../../Engine/Content/EditorMaterials/Dataflow/DataflowTwoSidedVertexMaterial.uasset" 339
"../../../Engine/Content/EditorMaterials/Dataflow/DataflowTwoSidedVertexMaterial.uexp" 340
"../../../Engine/Content/Functions/Engine_MaterialFunctions01/Shading/PowerToRoughness.uasset" 341
"../../../Engine/Content/Functions/Engine_MaterialFunctions01/Shading/PowerToRoughness.uexp" 342
"../../../Engine/Content/Functions/Engine_MaterialFunctions01/Shading/ConvertFromDiffSpec.uasset" 343
"../../../Engine/Content/Functions/Engine_MaterialFunctions01/Shading/ConvertFromDiffSpec.uexp" 344
"../../../Engine/Content/EngineMaterials/Substrate/Volume/SubstrateSimpleVolumeLUT3D.uasset" 345
"../../../Engine/Content/EngineMaterials/Substrate/Volume/SubstrateSimpleVolumeLUT3D.uexp" 346
"../../../Engine/Content/EngineMaterials/Substrate/Volume/SubstrateSimpleVolumeEnvLUT3D.uasset" 347
"../../../Engine/Content/EngineMaterials/Substrate/Volume/SubstrateSimpleVolumeEnvLUT3D.uexp" 348
"../../../Engine/Content/EngineMeshes/Sphere.ubulk" 349
"../../../Engine/Content/EngineMeshes/Sphere.uasset" 350
"../../../Engine/Content/EngineMeshes/Sphere.uexp" 351
"../../../Engine/Content/EngineMaterials/T_Default_Material_Grid_M.ubulk" 352
"../../../Engine/Content/EngineMaterials/T_Default_Material_Grid_M.uasset" 353
"../../../Engine/Content/EngineMaterials/T_Default_Material_Grid_M.uexp" 354
"../../../Engine/Content/EngineMaterials/T_Default_Material_Grid_N.ubulk" 355
"../../../Engine/Content/EngineMaterials/T_Default_Material_Grid_N.uasset" 356
"../../../Engine/Content/EngineMaterials/T_Default_Material_Grid_N.uexp" 357
"../../../Engine/Content/Functions/Engine_MaterialFunctions01/Opacity/CameraDepthFade.uasset" 358
"../../../Engine/Content/Functions/Engine_MaterialFunctions01/Opacity/CameraDepthFade.uexp" 359
"../../../Engine/Content/EngineMaterials/WorldGridMaterial.uasset" 360
"../../../Engine/Content/EngineMaterials/WorldGridMaterial.uexp" 361
"../../../Engine/Content/ArtTools/RenderToTexture/Meshes/S_1_Unit_Plane.ubulk" 362
"../../../Engine/Content/ArtTools/RenderToTexture/Meshes/S_1_Unit_Plane.uasset" 363
"../../../Engine/Content/ArtTools/RenderToTexture/Meshes/S_1_Unit_Plane.uexp" 364
"../../../Engine/Content/EngineMaterials/Substrate/GLints/AGlintTex2dArray.uasset" 365
"../../../Engine/Content/EngineMaterials/Substrate/GLints/AGlintTex2dArray.uexp" 366
"../../../Engine/Content/EngineMaterials/Substrate/GLints2/AGlintTex2dArray2.uasset" 367
"../../../Engine/Content/EngineMaterials/Substrate/GLints2/AGlintTex2dArray2.uexp" 368
"../../../Engine/Content/EditorMaterials/Camera/CineMat.uasset" 369
"../../../Engine/Content/EditorMaterials/Camera/CineMat.uexp" 370
"../../../Engine/Content/EditorMaterials/Camera/MI_CineMat_Rig.uasset" 371
"../../../Engine/Content/EditorMaterials/Camera/MI_CineMat_Rig.uexp" 372
"../../../Engine/Content/EditorMeshes/Camera/SM_CraneRig_Arm.ubulk" 373
"../../../Engine/Content/EditorMeshes/Camera/SM_CraneRig_Arm.uasset" 374
"../../../Engine/Content/EditorMeshes/Camera/SM_CraneRig_Arm.uexp" 375
"../../../Engine/Content/EditorMeshes/Camera/SM_CraneRig_Base.ubulk" 376
"../../../Engine/Content/EditorMeshes/Camera/SM_CraneRig_Base.uasset" 377
"../../../Engine/Content/EditorMeshes/Camera/SM_CraneRig_Base.uexp" 378
"../../../Engine/Content/EditorMeshes/Camera/SM_CraneRig_Body.ubulk" 379
"../../../Engine/Content/EditorMeshes/Camera/SM_CraneRig_Body.uasset" 380
"../../../Engine/Content/EditorMeshes/Camera/SM_CraneRig_Body.uexp" 381
"../../../Engine/Content/EditorMeshes/Camera/SM_CraneRig_Mount.ubulk" 382
"../../../Engine/Content/EditorMeshes/Camera/SM_CraneRig_Mount.uasset" 383
"../../../Engine/Content/EditorMeshes/Camera/SM_CraneRig_Mount.uexp" 384
"../../../Engine/Content/EditorMeshes/Camera/SM_RailRig_Mount.ubulk" 385
"../../../Engine/Content/EditorMeshes/Camera/SM_RailRig_Mount.uasset" 386
"../../../Engine/Content/EditorMeshes/Camera/SM_RailRig_Mount.uexp" 387
"../../../Engine/Content/EditorMeshes/Camera/SM_RailRig_Track.ubulk" 388
"../../../Engine/Content/EditorMeshes/Camera/SM_RailRig_Track.uasset" 389
"../../../Engine/Content/EditorMeshes/Camera/SM_RailRig_Track.uexp" 390
"../../../Engine/Content/EngineSky/VolumetricClouds/T_CloudMask.ubulk" 391
"../../../Engine/Content/EngineSky/VolumetricClouds/T_CloudMask.uasset" 392
"../../../Engine/Content/EngineSky/VolumetricClouds/T_CloudMask.uexp" 393
"../../../Engine/Content/EngineSky/VolumetricClouds/VT_Lightning.uasset" 394
"../../../Engine/Content/EngineSky/VolumetricClouds/VT_Lightning.uexp" 395
"../../../Engine/Content/EngineSky/VolumetricClouds/T_Profile_08.ubulk" 396
"../../../Engine/Content/EngineSky/VolumetricClouds/T_Profile_08.uasset" 397
"../../../Engine/Content/EngineSky/VolumetricClouds/T_Profile_08.uexp" 398
"../../../Engine/Content/Functions/Engine_MaterialFunctions02/Utility/MakeFloat4.uasset" 399
"../../../Engine/Content/Functions/Engine_MaterialFunctions02/Utility/MakeFloat4.uexp" 400
"../../../Engine/Content/Functions/Engine_MaterialFunctions01/Units/Km-to-Cm.uasset" 401
"../../../Engine/Content/Functions/Engine_MaterialFunctions01/Units/Km-to-Cm.uexp" 402
"../../../Engine/Content/Functions/Engine_MaterialFunctions02/Utility/BreakOutFloat4Components.uasset" 403
"../../../Engine/Content/Functions/Engine_MaterialFunctions02/Utility/BreakOutFloat4Components.uexp" 404
"../../../Engine/Content/EngineSky/VolumetricClouds/T_CloudPattern.ubulk" 405
"../../../Engine/Content/EngineSky/VolumetricClouds/T_CloudPattern.uasset" 406
"../../../Engine/Content/EngineSky/VolumetricClouds/T_CloudPattern.uexp" 407
"../../../Engine/Content/EngineSky/VolumetricClouds/VT_PerlinWorley_Balanced.uasset" 408
"../../../Engine/Content/EngineSky/VolumetricClouds/VT_PerlinWorley_Balanced.uexp" 409
"../../../Engine/Content/EngineSky/VolumetricClouds/m_SimpleVolumetricCloud.uasset" 410
"../../../Engine/Content/EngineSky/VolumetricClouds/m_SimpleVolumetricCloud.uexp" 411
"../../../Engine/Content/EngineSky/VolumetricClouds/m_SimpleVolumetricCloud_Inst.uasset" 412
"../../../Engine/Content/EngineSky/VolumetricClouds/m_SimpleVolumetricCloud_Inst.uexp" 413
"../../../Engine/Content/VREditor/LaserPointer/VR_LaserPower_01.ubulk" 414
"../../../Engine/Content/VREditor/LaserPointer/VR_LaserPower_01.uasset" 415
"../../../Engine/Content/VREditor/LaserPointer/VR_LaserPower_01.uexp" 416
"../../../Engine/Content/VREditor/TransformGizmo/TransformGizmoMaterial.uasset" 417
"../../../Engine/Content/VREditor/TransformGizmo/TransformGizmoMaterial.uexp" 418
"../../../Engine/Content/VREditor/TransformGizmo/TranslucentTransformGizmoMaterial.uasset" 419
"../../../Engine/Content/VREditor/TransformGizmo/TranslucentTransformGizmoMaterial.uexp" 420
"../../../Engine/Content/VREditor/TransformGizmo/BoundingBoxCorner.ubulk" 421
"../../../Engine/Content/VREditor/TransformGizmo/BoundingBoxCorner.uasset" 422
"../../../Engine/Content/VREditor/TransformGizmo/BoundingBoxCorner.uexp" 423
"../../../Engine/Content/VREditor/TransformGizmo/BoundingBoxEdge.ubulk" 424
"../../../Engine/Content/VREditor/TransformGizmo/BoundingBoxEdge.uasset" 425
"../../../Engine/Content/VREditor/TransformGizmo/BoundingBoxEdge.uexp" 426
"../../../Engine/Content/VREditor/TransformGizmo/Main.uasset" 427
"../../../Engine/Content/VREditor/TransformGizmo/Main.uexp" 428
"../../../Engine/Content/VREditor/TransformGizmo/Xray.uasset" 429
"../../../Engine/Content/VREditor/TransformGizmo/Xray.uexp" 430
"../../../Engine/Content/VREditor/TransformGizmo/SM_Sequencer_Node.ubulk" 431
"../../../Engine/Content/VREditor/TransformGizmo/SM_Sequencer_Node.uasset" 432
"../../../Engine/Content/VREditor/TransformGizmo/SM_Sequencer_Node.uexp" 433
"../../../Engine/Content/Functions/Engine_MaterialFunctions02/Math/Transform3x3Matrix.uasset" 434
"../../../Engine/Content/Functions/Engine_MaterialFunctions02/Math/Transform3x3Matrix.uexp" 435
"../../../Engine/Plugins/Interchange/Assets/Content/gltf/Textures/T_White_srgb.uasset" 436
"../../../Engine/Plugins/Interchange/Assets/Content/gltf/Textures/T_White_srgb.uexp" 437
"../../../Engine/Plugins/Interchange/Assets/Content/gltf/MaterialFunctions/MF_Specular.uasset" 438
"../../../Engine/Plugins/Interchange/Assets/Content/gltf/MaterialFunctions/MF_Specular.uexp" 439
"../../../Engine/Plugins/Interchange/Assets/Content/gltf/Textures/T_Anisotropy_Direction_Linear.uasset" 440
"../../../Engine/Plugins/Interchange/Assets/Content/gltf/Textures/T_Anisotropy_Direction_Linear.uexp" 441
"../../../Engine/Plugins/Interchange/Assets/Content/gltf/MaterialFunctions/MF_SpecularAnisotropy.uasset" 442
"../../../Engine/Plugins/Interchange/Assets/Content/gltf/MaterialFunctions/MF_SpecularAnisotropy.uexp" 443
"../../../Engine/Plugins/Interchange/Assets/Content/gltf/Textures/T_White_Linear.uasset" 444
"../../../Engine/Plugins/Interchange/Assets/Content/gltf/Textures/T_White_Linear.uexp" 445
"../../../Engine/Plugins/Interchange/Assets/Content/gltf/MaterialFunctions/MF_MetallicRoughness.uasset" 446
"../../../Engine/Plugins/Interchange/Assets/Content/gltf/MaterialFunctions/MF_MetallicRoughness.uexp" 447
"../../../Engine/Plugins/Interchange/Assets/Content/gltf/Textures/T_Generic_N.uasset" 448
"../../../Engine/Plugins/Interchange/Assets/Content/gltf/Textures/T_Generic_N.uexp" 449
"../../../Engine/Plugins/Interchange/Assets/Content/gltf/MaterialFunctions/MF_ScaleNormal.uasset" 450
"../../../Engine/Plugins/Interchange/Assets/Content/gltf/MaterialFunctions/MF_ScaleNormal.uexp" 451
"../../../Engine/Plugins/Interchange/Assets/Content/gltf/MaterialFunctions/MF_BaseColor.uasset" 452
"../../../Engine/Plugins/Interchange/Assets/Content/gltf/MaterialFunctions/MF_BaseColor.uexp" 453
"../../../Engine/Plugins/Interchange/Assets/Content/gltf/MaterialFunctions/MF_Iridescence.uasset" 454
"../../../Engine/Plugins/Interchange/Assets/Content/gltf/MaterialFunctions/MF_Iridescence.uexp" 455
"../../../Engine/Plugins/Interchange/Assets/Content/gltf/MaterialFunctions/MF_Occlusion.uasset" 456
"../../../Engine/Plugins/Interchange/Assets/Content/gltf/MaterialFunctions/MF_Occlusion.uexp" 457
"../../../Engine/Plugins/Interchange/Assets/Content/gltf/MaterialFunctions/MF_IOR.uasset" 458
"../../../Engine/Plugins/Interchange/Assets/Content/gltf/MaterialFunctions/MF_IOR.uexp" 459
"../../../Engine/Plugins/Interchange/Assets/Content/gltf/MaterialFunctions/MF_RotateV2.uasset" 460
"../../../Engine/Plugins/Interchange/Assets/Content/gltf/MaterialFunctions/MF_RotateV2.uexp" 461
"../../../Engine/Plugins/Interchange/Assets/Content/gltf/MaterialFunctions/MF_TransformUVs.uasset" 462
"../../../Engine/Plugins/Interchange/Assets/Content/gltf/MaterialFunctions/MF_TransformUVs.uexp" 463
"../../../Engine/Plugins/Interchange/Assets/Content/gltf/MaterialFunctions/MF_Emissive.uasset" 464
"../../../Engine/Plugins/Interchange/Assets/Content/gltf/MaterialFunctions/MF_Emissive.uexp" 465
"../../../Engine/Plugins/Interchange/Assets/Content/gltf/MaterialFunctions/MF_RotateNormals_TS.uasset" 466
"../../../Engine/Plugins/Interchange/Assets/Content/gltf/MaterialFunctions/MF_RotateNormals_TS.uexp" 467
"../../../Engine/Plugins/Interchange/Assets/Content/gltf/MaterialFunctions/MF_Normals.uasset" 468
"../../../Engine/Plugins/Interchange/Assets/Content/gltf/MaterialFunctions/MF_Normals.uexp" 469
"../../../Engine/Content/Functions/Engine_MaterialFunctions01/Texturing/FlattenNormal.uasset" 470
"../../../Engine/Content/Functions/Engine_MaterialFunctions01/Texturing/FlattenNormal.uexp" 471
"../../../Engine/Plugins/Interchange/Assets/Content/gltf/MaterialFunctions/MF_Clearcoat.uasset" 472
"../../../Engine/Plugins/Interchange/Assets/Content/gltf/MaterialFunctions/MF_Clearcoat.uexp" 473
"../../../Engine/Plugins/Interchange/Assets/Content/gltf/MaterialBodies/MF_ClearCoat_Body.uasset" 474
"../../../Engine/Plugins/Interchange/Assets/Content/gltf/MaterialBodies/MF_ClearCoat_Body.uexp" 475
"../../../Engine/Plugins/Interchange/Assets/Content/gltf/M_ClearCoat.uasset" 476
"../../../Engine/Plugins/Interchange/Assets/Content/gltf/M_ClearCoat.uexp" 477
"../../../Engine/Plugins/Interchange/Assets/Content/gltf/MaterialInstances/MI_ClearCoat_Blend.uasset" 478
"../../../Engine/Plugins/Interchange/Assets/Content/gltf/MaterialInstances/MI_ClearCoat_Blend.uexp" 479
"../../../Engine/Plugins/Interchange/Assets/Content/gltf/MaterialInstances/MI_ClearCoat_Blend_DS.uasset" 480
"../../../Engine/Plugins/Interchange/Assets/Content/gltf/MaterialInstances/MI_ClearCoat_Blend_DS.uexp" 481
"../../../Engine/Plugins/Interchange/Assets/Content/gltf/MaterialInstances/MI_ClearCoat_Mask.uasset" 482
"../../../Engine/Plugins/Interchange/Assets/Content/gltf/MaterialInstances/MI_ClearCoat_Mask.uexp" 483
"../../../Engine/Plugins/Interchange/Assets/Content/gltf/MaterialInstances/MI_ClearCoat_Mask_DS.uasset" 484
"../../../Engine/Plugins/Interchange/Assets/Content/gltf/MaterialInstances/MI_ClearCoat_Mask_DS.uexp" 485
"../../../Engine/Plugins/Interchange/Assets/Content/gltf/MaterialInstances/MI_ClearCoat_Opaque.uasset" 486
"../../../Engine/Plugins/Interchange/Assets/Content/gltf/MaterialInstances/MI_ClearCoat_Opaque.uexp" 487
"../../../Engine/Plugins/Interchange/Assets/Content/gltf/MaterialInstances/MI_ClearCoat_Opaque_DS.uasset" 488
"../../../Engine/Plugins/Interchange/Assets/Content/gltf/MaterialInstances/MI_ClearCoat_Opaque_DS.uexp" 489
"../../../Engine/Plugins/Interchange/Assets/Content/gltf/MaterialBodies/MF_Default_Body.uasset" 490
"../../../Engine/Plugins/Interchange/Assets/Content/gltf/MaterialBodies/MF_Default_Body.uexp" 491
"../../../Engine/Plugins/Interchange/Assets/Content/gltf/M_Default.uasset" 492
"../../../Engine/Plugins/Interchange/Assets/Content/gltf/M_Default.uexp" 493
"../../../Engine/Plugins/Interchange/Assets/Content/gltf/MaterialInstances/MI_Default_Blend.uasset" 494
"../../../Engine/Plugins/Interchange/Assets/Content/gltf/MaterialInstances/MI_Default_Blend.uexp" 495
"../../../Engine/Plugins/Interchange/Assets/Content/gltf/MaterialInstances/MI_Default_Blend_DS.uasset" 496
"../../../Engine/Plugins/Interchange/Assets/Content/gltf/MaterialInstances/MI_Default_Blend_DS.uexp" 497
"../../../Engine/Plugins/Interchange/Assets/Content/gltf/MaterialInstances/MI_Default_Mask.uasset" 498
"../../../Engine/Plugins/Interchange/Assets/Content/gltf/MaterialInstances/MI_Default_Mask.uexp" 499
"../../../Engine/Plugins/Interchange/Assets/Content/gltf/MaterialInstances/MI_Default_Mask_DS.uasset" 500
"../../../Engine/Plugins/Interchange/Assets/Content/gltf/MaterialInstances/MI_Default_Mask_DS.uexp" 501
"../../../Engine/Plugins/Interchange/Assets/Content/gltf/MaterialInstances/MI_Default_Opaque.uasset" 502
"../../../Engine/Plugins/Interchange/Assets/Content/gltf/MaterialInstances/MI_Default_Opaque.uexp" 503
"../../../Engine/Plugins/Interchange/Assets/Content/gltf/MaterialInstances/MI_Default_Opaque_DS.uasset" 504
"../../../Engine/Plugins/Interchange/Assets/Content/gltf/MaterialInstances/MI_Default_Opaque_DS.uexp" 505
"../../../Engine/Plugins/Interchange/Assets/Content/gltf/MaterialFunctions/MF_Sheen.uasset" 506
"../../../Engine/Plugins/Interchange/Assets/Content/gltf/MaterialFunctions/MF_Sheen.uexp" 507
"../../../Engine/Plugins/Interchange/Assets/Content/gltf/MaterialBodies/MF_Sheen_Body.uasset" 508
"../../../Engine/Plugins/Interchange/Assets/Content/gltf/MaterialBodies/MF_Sheen_Body.uexp" 509
"../../../Engine/Plugins/Interchange/Assets/Content/gltf/M_Sheen.uasset" 510
"../../../Engine/Plugins/Interchange/Assets/Content/gltf/M_Sheen.uexp" 511
"../../../Engine/Plugins/Interchange/Assets/Content/gltf/MaterialInstances/MI_Sheen_Blend.uasset" 512
"../../../Engine/Plugins/Interchange/Assets/Content/gltf/MaterialInstances/MI_Sheen_Blend.uexp" 513
"../../../Engine/Plugins/Interchange/Assets/Content/gltf/MaterialInstances/MI_Sheen_Blend_DS.uasset" 514
"../../../Engine/Plugins/Interchange/Assets/Content/gltf/MaterialInstances/MI_Sheen_Blend_DS.uexp" 515
"../../../Engine/Plugins/Interchange/Assets/Content/gltf/MaterialInstances/MI_Sheen_Mask.uasset" 516
"../../../Engine/Plugins/Interchange/Assets/Content/gltf/MaterialInstances/MI_Sheen_Mask.uexp" 517
"../../../Engine/Plugins/Interchange/Assets/Content/gltf/MaterialInstances/MI_Sheen_Mask_DS.uasset" 518
"../../../Engine/Plugins/Interchange/Assets/Content/gltf/MaterialInstances/MI_Sheen_Mask_DS.uexp" 519
"../../../Engine/Plugins/Interchange/Assets/Content/gltf/MaterialInstances/MI_Sheen_Opaque.uasset" 520
"../../../Engine/Plugins/Interchange/Assets/Content/gltf/MaterialInstances/MI_Sheen_Opaque.uexp" 521
"../../../Engine/Plugins/Interchange/Assets/Content/gltf/MaterialInstances/MI_Sheen_Opaque_DS.uasset" 522
"../../../Engine/Plugins/Interchange/Assets/Content/gltf/MaterialInstances/MI_Sheen_Opaque_DS.uexp" 523
"../../../Engine/Content/Functions/Engine_MaterialFunctions02/Math/AddComponents.uasset" 524
"../../../Engine/Content/Functions/Engine_MaterialFunctions02/Math/AddComponents.uexp" 525
"../../../Engine/Plugins/Interchange/Assets/Content/gltf/MaterialFunctions/MF_DiffuseSpecGloss.uasset" 526
"../../../Engine/Plugins/Interchange/Assets/Content/gltf/MaterialFunctions/MF_DiffuseSpecGloss.uexp" 527
"../../../Engine/Plugins/Interchange/Assets/Content/gltf/MaterialFunctions/MF_PerceivedBrightness.uasset" 528
"../../../Engine/Plugins/Interchange/Assets/Content/gltf/MaterialFunctions/MF_PerceivedBrightness.uexp" 529
"../../../Engine/Plugins/Interchange/Assets/Content/gltf/MaterialFunctions/MF_SpecGlossToMetalRoughness.uasset" 530
"../../../Engine/Plugins/Interchange/Assets/Content/gltf/MaterialFunctions/MF_SpecGlossToMetalRoughness.uexp" 531
"../../../Engine/Plugins/Interchange/Assets/Content/gltf/MaterialFunctions/MF_MaxComponentValue.uasset" 532
"../../../Engine/Plugins/Interchange/Assets/Content/gltf/MaterialFunctions/MF_MaxComponentValue.uexp" 533
"../../../Engine/Plugins/Interchange/Assets/Content/gltf/MaterialBodies/MF_SpecularGlossiness_Body.uasset" 534
"../../../Engine/Plugins/Interchange/Assets/Content/gltf/MaterialBodies/MF_SpecularGlossiness_Body.uexp" 535
"../../../Engine/Plugins/Interchange/Assets/Content/gltf/M_SpecularGlossiness.uasset" 536
"../../../Engine/Plugins/Interchange/Assets/Content/gltf/M_SpecularGlossiness.uexp" 537
"../../../Engine/Plugins/Interchange/Assets/Content/gltf/MaterialInstances/MI_SpecularGlossiness_Blend.uasset" 538
"../../../Engine/Plugins/Interchange/Assets/Content/gltf/MaterialInstances/MI_SpecularGlossiness_Blend.uexp" 539
"../../../Engine/Plugins/Interchange/Assets/Content/gltf/MaterialInstances/MI_SpecularGlossiness_Blend_DS.uasset" 540
"../../../Engine/Plugins/Interchange/Assets/Content/gltf/MaterialInstances/MI_SpecularGlossiness_Blend_DS.uexp" 541
"../../../Engine/Plugins/Interchange/Assets/Content/gltf/MaterialInstances/MI_SpecularGlossiness_Mask.uasset" 542
"../../../Engine/Plugins/Interchange/Assets/Content/gltf/MaterialInstances/MI_SpecularGlossiness_Mask.uexp" 543
"../../../Engine/Plugins/Interchange/Assets/Content/gltf/MaterialInstances/MI_SpecularGlossiness_Mask_DS.uasset" 544
"../../../Engine/Plugins/Interchange/Assets/Content/gltf/MaterialInstances/MI_SpecularGlossiness_Mask_DS.uexp" 545
"../../../Engine/Plugins/Interchange/Assets/Content/gltf/MaterialInstances/MI_SpecularGlossiness_Opaque.uasset" 546
"../../../Engine/Plugins/Interchange/Assets/Content/gltf/MaterialInstances/MI_SpecularGlossiness_Opaque.uexp" 547
"../../../Engine/Plugins/Interchange/Assets/Content/gltf/MaterialInstances/MI_SpecularGlossiness_Opaque_DS.uasset" 548
"../../../Engine/Plugins/Interchange/Assets/Content/gltf/MaterialInstances/MI_SpecularGlossiness_Opaque_DS.uexp" 549
"../../../Engine/Content/EngineMaterials/Good64x64TilingNoiseHighFreq.uasset" 550
"../../../Engine/Content/EngineMaterials/Good64x64TilingNoiseHighFreq.uexp" 551
"../../../Engine/Content/Functions/Engine_MaterialFunctions02/Texturing/ScreenAlignedPixelToPixelUVs.uasset" 552
"../../../Engine/Content/Functions/Engine_MaterialFunctions02/Texturing/ScreenAlignedPixelToPixelUVs.uexp" 553
"../../../Engine/Plugins/Interchange/Assets/Content/gltf/MaterialFunctions/MF_Temporal_Blur.uasset" 554
"../../../Engine/Plugins/Interchange/Assets/Content/gltf/MaterialFunctions/MF_Temporal_Blur.uexp" 555
"../../../Engine/Plugins/Interchange/Assets/Content/gltf/MaterialFunctions/MF_Fresnel_DS.uasset" 556
"../../../Engine/Plugins/Interchange/Assets/Content/gltf/MaterialFunctions/MF_Fresnel_DS.uexp" 557
"../../../Engine/Plugins/Interchange/Assets/Content/gltf/MaterialFunctions/MF_Transmission.uasset" 558
"../../../Engine/Plugins/Interchange/Assets/Content/gltf/MaterialFunctions/MF_Transmission.uexp" 559
"../../../Engine/Plugins/Interchange/Assets/Content/gltf/MaterialBodies/MF_Transmission_Body.uasset" 560
"../../../Engine/Plugins/Interchange/Assets/Content/gltf/MaterialBodies/MF_Transmission_Body.uexp" 561
"../../../Engine/Plugins/Interchange/Assets/Content/gltf/M_Transmission.uasset" 562
"../../../Engine/Plugins/Interchange/Assets/Content/gltf/M_Transmission.uexp" 563
"../../../Engine/Plugins/Interchange/Assets/Content/gltf/MaterialInstances/MI_Transmission.uasset" 564
"../../../Engine/Plugins/Interchange/Assets/Content/gltf/MaterialInstances/MI_Transmission.uexp" 565
"../../../Engine/Plugins/Interchange/Assets/Content/gltf/MaterialInstances/MI_Transmission_DS.uasset" 566
"../../../Engine/Plugins/Interchange/Assets/Content/gltf/MaterialInstances/MI_Transmission_DS.uexp" 567
"../../../Engine/Plugins/Interchange/Assets/Content/gltf/MaterialBodies/MF_Unlit_Body.uasset" 568
"../../../Engine/Plugins/Interchange/Assets/Content/gltf/MaterialBodies/MF_Unlit_Body.uexp" 569
"../../../Engine/Plugins/Interchange/Assets/Content/gltf/M_Unlit.uasset" 570
"../../../Engine/Plugins/Interchange/Assets/Content/gltf/M_Unlit.uexp" 571
"../../../Engine/Plugins/Interchange/Assets/Content/gltf/MaterialInstances/MI_Unlit_Blend.uasset" 572
"../../../Engine/Plugins/Interchange/Assets/Content/gltf/MaterialInstances/MI_Unlit_Blend.uexp" 573
"../../../Engine/Plugins/Interchange/Assets/Content/gltf/MaterialInstances/MI_Unlit_Blend_DS.uasset" 574
"../../../Engine/Plugins/Interchange/Assets/Content/gltf/MaterialInstances/MI_Unlit_Blend_DS.uexp" 575
"../../../Engine/Plugins/Interchange/Assets/Content/gltf/MaterialInstances/MI_Unlit_Mask.uasset" 576
"../../../Engine/Plugins/Interchange/Assets/Content/gltf/MaterialInstances/MI_Unlit_Mask.uexp" 577
"../../../Engine/Plugins/Interchange/Assets/Content/gltf/MaterialInstances/MI_Unlit_Mask_DS.uasset" 578
"../../../Engine/Plugins/Interchange/Assets/Content/gltf/MaterialInstances/MI_Unlit_Mask_DS.uexp" 579
"../../../Engine/Plugins/Interchange/Assets/Content/gltf/MaterialInstances/MI_Unlit_Opaque.uasset" 580
"../../../Engine/Plugins/Interchange/Assets/Content/gltf/MaterialInstances/MI_Unlit_Opaque.uexp" 581
"../../../Engine/Plugins/Interchange/Assets/Content/gltf/MaterialInstances/MI_Unlit_Opaque_DS.uasset" 582
"../../../Engine/Plugins/Interchange/Assets/Content/gltf/MaterialInstances/MI_Unlit_Opaque_DS.uexp" 583
"../../../Engine/Content/EngineMaterials/DefaultMaterial.uasset" 584
"../../../Engine/Content/EngineMaterials/DefaultMaterial.uexp" 585
"../../../Engine/Content/BasicShapes/Cone.ubulk" 586
"../../../Engine/Content/BasicShapes/Cone.uasset" 587
"../../../Engine/Content/BasicShapes/Cone.uexp" 588
"../../../Engine/Content/BasicShapes/Cube.ubulk" 589
"../../../Engine/Content/BasicShapes/Cube.uasset" 590
"../../../Engine/Content/BasicShapes/Cube.uexp" 591
"../../../Engine/Content/BasicShapes/Cylinder.ubulk" 592
"../../../Engine/Content/BasicShapes/Cylinder.uasset" 593
"../../../Engine/Content/BasicShapes/Cylinder.uexp" 594
"../../../Engine/Content/BasicShapes/Plane.ubulk" 595
"../../../Engine/Content/BasicShapes/Plane.uasset" 596
"../../../Engine/Content/BasicShapes/Plane.uexp" 597
"../../../Engine/Content/BasicShapes/Sphere.ubulk" 598
"../../../Engine/Content/BasicShapes/Sphere.uasset" 599
"../../../Engine/Content/BasicShapes/Sphere.uexp" 600
"../../../Engine/Content/EditorLandscapeResources/SplineEditorMeshMat.uasset" 601
"../../../Engine/Content/EditorLandscapeResources/SplineEditorMeshMat.uexp" 602
"../../../Engine/Content/EditorLandscapeResources/SplineEditorMesh.ubulk" 603
"../../../Engine/Content/EditorLandscapeResources/SplineEditorMesh.uasset" 604
"../../../Engine/Content/EditorLandscapeResources/SplineEditorMesh.uexp" 605
"../../../Engine/Content/EngineMaterials/WeightMapPlaceholderTexture.uasset" 606
"../../../Engine/Content/EngineMaterials/WeightMapPlaceholderTexture.uexp" 607
"../../../Engine/Content/EngineMaterials/WeightMapArrayPlaceholderTexture.uasset" 608
"../../../Engine/Content/EngineMaterials/WeightMapArrayPlaceholderTexture.uexp" 609
"../../../Engine/Content/EngineResources/WhiteSquareTexture.uasset" 610
"../../../Engine/Content/EngineResources/WhiteSquareTexture.uexp" 611
"../../../Engine/Content/EngineMaterials/Widget3DPassThrough.uasset" 612
"../../../Engine/Content/EngineMaterials/Widget3DPassThrough.uexp" 613
"../../../Engine/Content/EngineMaterials/Widget3DPassThrough_Masked.uasset" 614
"../../../Engine/Content/EngineMaterials/Widget3DPassThrough_Masked.uexp" 615
"../../../Engine/Content/EngineMaterials/Widget3DPassThrough_Opaque.uasset" 616
"../../../Engine/Content/EngineMaterials/Widget3DPassThrough_Opaque.uexp" 617
"../../../Engine/Content/EngineMaterials/Widget3DPassThrough_Masked_OneSided.uasset" 618
"../../../Engine/Content/EngineMaterials/Widget3DPassThrough_Masked_OneSided.uexp" 619
"../../../Engine/Content/EngineMaterials/Widget3DPassThrough_Opaque_OneSided.uasset" 620
"../../../Engine/Content/EngineMaterials/Widget3DPassThrough_Opaque_OneSided.uexp" 621
"../../../Engine/Content/EngineMaterials/Widget3DPassThrough_Translucent.uasset" 622
"../../../Engine/Content/EngineMaterials/Widget3DPassThrough_Translucent.uexp" 623
"../../../Engine/Content/EngineMaterials/Widget3DPassThrough_Translucent_OneSided.uasset" 624
"../../../Engine/Content/EngineMaterials/Widget3DPassThrough_Translucent_OneSided.uexp" 625
"../../../Engine/Plugins/Animation/ControlRig/Content/Controls/ControlRig_Arrow2_1mm.ubulk" 626
"../../../Engine/Plugins/Animation/ControlRig/Content/Controls/ControlRig_Arrow2_1mm.uasset" 627
"../../../Engine/Plugins/Animation/ControlRig/Content/Controls/ControlRig_Arrow2_1mm.uexp" 628
"../../../Engine/Plugins/Animation/ControlRig/Content/Controls/ControlRig_Arrow2_3mm.ubulk" 629
"../../../Engine/Plugins/Animation/ControlRig/Content/Controls/ControlRig_Arrow2_3mm.uasset" 630
"../../../Engine/Plugins/Animation/ControlRig/Content/Controls/ControlRig_Arrow2_3mm.uexp" 631
"../../../Engine/Plugins/Animation/ControlRig/Content/Controls/ControlRig_Arrow2_solid.ubulk" 632
"../../../Engine/Plugins/Animation/ControlRig/Content/Controls/ControlRig_Arrow2_solid.uasset" 633
"../../../Engine/Plugins/Animation/ControlRig/Content/Controls/ControlRig_Arrow2_solid.uexp" 634
"../../../Engine/Plugins/Animation/ControlRig/Content/Controls/ControlRig_Arrow4_1mm.ubulk" 635
"../../../Engine/Plugins/Animation/ControlRig/Content/Controls/ControlRig_Arrow4_1mm.uasset" 636
"../../../Engine/Plugins/Animation/ControlRig/Content/Controls/ControlRig_Arrow4_1mm.uexp" 637
"../../../Engine/Plugins/Animation/ControlRig/Content/Controls/ControlRig_Arrow4_3mm.ubulk" 638
"../../../Engine/Plugins/Animation/ControlRig/Content/Controls/ControlRig_Arrow4_3mm.uasset" 639
"../../../Engine/Plugins/Animation/ControlRig/Content/Controls/ControlRig_Arrow4_3mm.uexp" 640
"../../../Engine/Plugins/Animation/ControlRig/Content/Controls/ControlRig_Arrow4_solid.ubulk" 641
"../../../Engine/Plugins/Animation/ControlRig/Content/Controls/ControlRig_Arrow4_solid.uasset" 642
"../../../Engine/Plugins/Animation/ControlRig/Content/Controls/ControlRig_Arrow4_solid.uexp" 643
"../../../Engine/Plugins/Animation/ControlRig/Content/Controls/ControlRig_Arrow_1mm.ubulk" 644
"../../../Engine/Plugins/Animation/ControlRig/Content/Controls/ControlRig_Arrow_1mm.uasset" 645
"../../../Engine/Plugins/Animation/ControlRig/Content/Controls/ControlRig_Arrow_1mm.uexp" 646
"../../../Engine/Plugins/Animation/ControlRig/Content/Controls/ControlRig_Arrow_3mm.ubulk" 647
"../../../Engine/Plugins/Animation/ControlRig/Content/Controls/ControlRig_Arrow_3mm.uasset" 648
"../../../Engine/Plugins/Animation/ControlRig/Content/Controls/ControlRig_Arrow_3mm.uexp" 649
"../../../Engine/Plugins/Animation/ControlRig/Content/Controls/ControlRig_Arrow_solid.ubulk" 650
"../../../Engine/Plugins/Animation/ControlRig/Content/Controls/ControlRig_Arrow_solid.uasset" 651
"../../../Engine/Plugins/Animation/ControlRig/Content/Controls/ControlRig_Arrow_solid.uexp" 652
"../../../Engine/Plugins/Animation/ControlRig/Content/Controls/ControlRig_Box_1mm.ubulk" 653
"../../../Engine/Plugins/Animation/ControlRig/Content/Controls/ControlRig_Box_1mm.uasset" 654
"../../../Engine/Plugins/Animation/ControlRig/Content/Controls/ControlRig_Box_1mm.uexp" 655
"../../../Engine/Plugins/Animation/ControlRig/Content/Controls/ControlRig_Box_3mm.ubulk" 656
"../../../Engine/Plugins/Animation/ControlRig/Content/Controls/ControlRig_Box_3mm.uasset" 657
"../../../Engine/Plugins/Animation/ControlRig/Content/Controls/ControlRig_Box_3mm.uexp" 658
"../../../Engine/Plugins/Animation/ControlRig/Content/Controls/ControlRig_Box_solid.ubulk" 659
"../../../Engine/Plugins/Animation/ControlRig/Content/Controls/ControlRig_Box_solid.uasset" 660
"../../../Engine/Plugins/Animation/ControlRig/Content/Controls/ControlRig_Box_solid.uexp" 661
"../../../Engine/Plugins/Animation/ControlRig/Content/Controls/ControlRig_Circle_1mm.ubulk" 662
"../../../Engine/Plugins/Animation/ControlRig/Content/Controls/ControlRig_Circle_1mm.uasset" 663
"../../../Engine/Plugins/Animation/ControlRig/Content/Controls/ControlRig_Circle_1mm.uexp" 664
"../../../Engine/Plugins/Animation/ControlRig/Content/Controls/ControlRig_Circle_3mm.ubulk" 665
"../../../Engine/Plugins/Animation/ControlRig/Content/Controls/ControlRig_Circle_3mm.uasset" 666
"../../../Engine/Plugins/Animation/ControlRig/Content/Controls/ControlRig_Circle_3mm.uexp" 667
"../../../Engine/Plugins/Animation/ControlRig/Content/Controls/ControlRig_Circle_solid.ubulk" 668
"../../../Engine/Plugins/Animation/ControlRig/Content/Controls/ControlRig_Circle_solid.uasset" 669
"../../../Engine/Plugins/Animation/ControlRig/Content/Controls/ControlRig_Circle_solid.uexp" 670
"../../../Engine/Plugins/Animation/ControlRig/Content/Controls/ControlRig_Diamond_1mm.ubulk" 671
"../../../Engine/Plugins/Animation/ControlRig/Content/Controls/ControlRig_Diamond_1mm.uasset" 672
"../../../Engine/Plugins/Animation/ControlRig/Content/Controls/ControlRig_Diamond_1mm.uexp" 673
"../../../Engine/Plugins/Animation/ControlRig/Content/Controls/ControlRig_Diamond_3mm.ubulk" 674
"../../../Engine/Plugins/Animation/ControlRig/Content/Controls/ControlRig_Diamond_3mm.uasset" 675
"../../../Engine/Plugins/Animation/ControlRig/Content/Controls/ControlRig_Diamond_3mm.uexp" 676
"../../../Engine/Plugins/Animation/ControlRig/Content/Controls/ControlRig_Diamond_solid.ubulk" 677
"../../../Engine/Plugins/Animation/ControlRig/Content/Controls/ControlRig_Diamond_solid.uasset" 678
"../../../Engine/Plugins/Animation/ControlRig/Content/Controls/ControlRig_Diamond_solid.uexp" 679
"../../../Engine/Plugins/Animation/ControlRig/Content/Controls/ControlRig_HalfCircle_1mm.ubulk" 680
"../../../Engine/Plugins/Animation/ControlRig/Content/Controls/ControlRig_HalfCircle_1mm.uasset" 681
"../../../Engine/Plugins/Animation/ControlRig/Content/Controls/ControlRig_HalfCircle_1mm.uexp" 682
"../../../Engine/Plugins/Animation/ControlRig/Content/Controls/ControlRig_HalfCircle_3mm.ubulk" 683
"../../../Engine/Plugins/Animation/ControlRig/Content/Controls/ControlRig_HalfCircle_3mm.uasset" 684
"../../../Engine/Plugins/Animation/ControlRig/Content/Controls/ControlRig_HalfCircle_3mm.uexp" 685
"../../../Engine/Plugins/Animation/ControlRig/Content/Controls/ControlRig_HalfCircle_solid.ubulk" 686
"../../../Engine/Plugins/Animation/ControlRig/Content/Controls/ControlRig_HalfCircle_solid.uasset" 687
"../../../Engine/Plugins/Animation/ControlRig/Content/Controls/ControlRig_HalfCircle_solid.uexp" 688
"../../../Engine/Plugins/Animation/ControlRig/Content/Controls/ControlRig_Hexagon_1mm.ubulk" 689
"../../../Engine/Plugins/Animation/ControlRig/Content/Controls/ControlRig_Hexagon_1mm.uasset" 690
"../../../Engine/Plugins/Animation/ControlRig/Content/Controls/ControlRig_Hexagon_1mm.uexp" 691
"../../../Engine/Plugins/Animation/ControlRig/Content/Controls/ControlRig_Hexagon_3mm.ubulk" 692
"../../../Engine/Plugins/Animation/ControlRig/Content/Controls/ControlRig_Hexagon_3mm.uasset" 693
"../../../Engine/Plugins/Animation/ControlRig/Content/Controls/ControlRig_Hexagon_3mm.uexp" 694
"../../../Engine/Plugins/Animation/ControlRig/Content/Controls/ControlRig_Hexagon_solid.ubulk" 695
"../../../Engine/Plugins/Animation/ControlRig/Content/Controls/ControlRig_Hexagon_solid.uasset" 696
"../../../Engine/Plugins/Animation/ControlRig/Content/Controls/ControlRig_Hexagon_solid.uexp" 697
"../../../Engine/Plugins/Animation/ControlRig/Content/Controls/ControlRig_Octagon_1mm.ubulk" 698
"../../../Engine/Plugins/Animation/ControlRig/Content/Controls/ControlRig_Octagon_1mm.uasset" 699
"../../../Engine/Plugins/Animation/ControlRig/Content/Controls/ControlRig_Octagon_1mm.uexp" 700
"../../../Engine/Plugins/Animation/ControlRig/Content/Controls/ControlRig_Octagon_3mm.ubulk" 701
"../../../Engine/Plugins/Animation/ControlRig/Content/Controls/ControlRig_Octagon_3mm.uasset" 702
"../../../Engine/Plugins/Animation/ControlRig/Content/Controls/ControlRig_Octagon_3mm.uexp" 703
"../../../Engine/Plugins/Animation/ControlRig/Content/Controls/ControlRig_Octagon_solid.ubulk" 704
"../../../Engine/Plugins/Animation/ControlRig/Content/Controls/ControlRig_Octagon_solid.uasset" 705
"../../../Engine/Plugins/Animation/ControlRig/Content/Controls/ControlRig_Octagon_solid.uexp" 706
"../../../Engine/Plugins/Animation/ControlRig/Content/Controls/ControlRig_Pyramid_1mm.ubulk" 707
"../../../Engine/Plugins/Animation/ControlRig/Content/Controls/ControlRig_Pyramid_1mm.uasset" 708
"../../../Engine/Plugins/Animation/ControlRig/Content/Controls/ControlRig_Pyramid_1mm.uexp" 709
"../../../Engine/Plugins/Animation/ControlRig/Content/Controls/ControlRig_Pyramid_3mm.ubulk" 710
"../../../Engine/Plugins/Animation/ControlRig/Content/Controls/ControlRig_Pyramid_3mm.uasset" 711
"../../../Engine/Plugins/Animation/ControlRig/Content/Controls/ControlRig_Pyramid_3mm.uexp" 712
"../../../Engine/Plugins/Animation/ControlRig/Content/Controls/ControlRig_Pyramid_solid.ubulk" 713
"../../../Engine/Plugins/Animation/ControlRig/Content/Controls/ControlRig_Pyramid_solid.uasset" 714
"../../../Engine/Plugins/Animation/ControlRig/Content/Controls/ControlRig_Pyramid_solid.uexp" 715
"../../../Engine/Plugins/Animation/ControlRig/Content/Controls/ControlRig_QuarterCircle_1mm.ubulk" 716
"../../../Engine/Plugins/Animation/ControlRig/Content/Controls/ControlRig_QuarterCircle_1mm.uasset" 717
"../../../Engine/Plugins/Animation/ControlRig/Content/Controls/ControlRig_QuarterCircle_1mm.uexp" 718
"../../../Engine/Plugins/Animation/ControlRig/Content/Controls/ControlRig_QuarterCircle_3mm.ubulk" 719
"../../../Engine/Plugins/Animation/ControlRig/Content/Controls/ControlRig_QuarterCircle_3mm.uasset" 720
"../../../Engine/Plugins/Animation/ControlRig/Content/Controls/ControlRig_QuarterCircle_3mm.uexp" 721
"../../../Engine/Plugins/Animation/ControlRig/Content/Controls/ControlRig_QuarterCircle_solid.ubulk" 722
"../../../Engine/Plugins/Animation/ControlRig/Content/Controls/ControlRig_QuarterCircle_solid.uasset" 723
"../../../Engine/Plugins/Animation/ControlRig/Content/Controls/ControlRig_QuarterCircle_solid.uexp" 724
"../../../Engine/Plugins/Animation/ControlRig/Content/Controls/ControlRig_RoundedSquare_1mm.ubulk" 725
"../../../Engine/Plugins/Animation/ControlRig/Content/Controls/ControlRig_RoundedSquare_1mm.uasset" 726
"../../../Engine/Plugins/Animation/ControlRig/Content/Controls/ControlRig_RoundedSquare_1mm.uexp" 727
"../../../Engine/Plugins/Animation/ControlRig/Content/Controls/ControlRig_RoundedSquare_3mm.ubulk" 728
"../../../Engine/Plugins/Animation/ControlRig/Content/Controls/ControlRig_RoundedSquare_3mm.uasset" 729
"../../../Engine/Plugins/Animation/ControlRig/Content/Controls/ControlRig_RoundedSquare_3mm.uexp" 730
"../../../Engine/Plugins/Animation/ControlRig/Content/Controls/ControlRig_RoundedSquare_solid.ubulk" 731
"../../../Engine/Plugins/Animation/ControlRig/Content/Controls/ControlRig_RoundedSquare_solid.uasset" 732
"../../../Engine/Plugins/Animation/ControlRig/Content/Controls/ControlRig_RoundedSquare_solid.uexp" 733
"../../../Engine/Plugins/Animation/ControlRig/Content/Controls/ControlRig_RoundedTriangle_1mm.ubulk" 734
"../../../Engine/Plugins/Animation/ControlRig/Content/Controls/ControlRig_RoundedTriangle_1mm.uasset" 735
"../../../Engine/Plugins/Animation/ControlRig/Content/Controls/ControlRig_RoundedTriangle_1mm.uexp" 736
"../../../Engine/Plugins/Animation/ControlRig/Content/Controls/ControlRig_RoundedTriangle_3mm.ubulk" 737
"../../../Engine/Plugins/Animation/ControlRig/Content/Controls/ControlRig_RoundedTriangle_3mm.uasset" 738
"../../../Engine/Plugins/Animation/ControlRig/Content/Controls/ControlRig_RoundedTriangle_3mm.uexp" 739
"../../../Engine/Plugins/Animation/ControlRig/Content/Controls/ControlRig_RoundedTriangle_solid.ubulk" 740
"../../../Engine/Plugins/Animation/ControlRig/Content/Controls/ControlRig_RoundedTriangle_solid.uasset" 741
"../../../Engine/Plugins/Animation/ControlRig/Content/Controls/ControlRig_RoundedTriangle_solid.uexp" 742
"../../../Engine/Plugins/Animation/ControlRig/Content/Controls/ControlRig_Sphere_1mm.ubulk" 743
"../../../Engine/Plugins/Animation/ControlRig/Content/Controls/ControlRig_Sphere_1mm.uasset" 744
"../../../Engine/Plugins/Animation/ControlRig/Content/Controls/ControlRig_Sphere_1mm.uexp" 745
"../../../Engine/Plugins/Animation/ControlRig/Content/Controls/ControlRig_Sphere_3mm.ubulk" 746
"../../../Engine/Plugins/Animation/ControlRig/Content/Controls/ControlRig_Sphere_3mm.uasset" 747
"../../../Engine/Plugins/Animation/ControlRig/Content/Controls/ControlRig_Sphere_3mm.uexp" 748
"../../../Engine/Plugins/Animation/ControlRig/Content/Controls/ControlRig_Sphere_solid.ubulk" 749
"../../../Engine/Plugins/Animation/ControlRig/Content/Controls/ControlRig_Sphere_solid.uasset" 750
"../../../Engine/Plugins/Animation/ControlRig/Content/Controls/ControlRig_Sphere_solid.uexp" 751
"../../../Engine/Plugins/Animation/ControlRig/Content/Controls/ControlRig_Square_1mm.ubulk" 752
"../../../Engine/Plugins/Animation/ControlRig/Content/Controls/ControlRig_Square_1mm.uasset" 753
"../../../Engine/Plugins/Animation/ControlRig/Content/Controls/ControlRig_Square_1mm.uexp" 754
"../../../Engine/Plugins/Animation/ControlRig/Content/Controls/ControlRig_Square_3mm.ubulk" 755
"../../../Engine/Plugins/Animation/ControlRig/Content/Controls/ControlRig_Square_3mm.uasset" 756
"../../../Engine/Plugins/Animation/ControlRig/Content/Controls/ControlRig_Square_3mm.uexp" 757
"../../../Engine/Plugins/Animation/ControlRig/Content/Controls/ControlRig_Square_solid.ubulk" 758
"../../../Engine/Plugins/Animation/ControlRig/Content/Controls/ControlRig_Square_solid.uasset" 759
"../../../Engine/Plugins/Animation/ControlRig/Content/Controls/ControlRig_Square_solid.uexp" 760
"../../../Engine/Plugins/Animation/ControlRig/Content/Controls/ControlRig_Star4_1mm.ubulk" 761
"../../../Engine/Plugins/Animation/ControlRig/Content/Controls/ControlRig_Star4_1mm.uasset" 762
"../../../Engine/Plugins/Animation/ControlRig/Content/Controls/ControlRig_Star4_1mm.uexp" 763
"../../../Engine/Plugins/Animation/ControlRig/Content/Controls/ControlRig_Star4_3mm.ubulk" 764
"../../../Engine/Plugins/Animation/ControlRig/Content/Controls/ControlRig_Star4_3mm.uasset" 765
"../../../Engine/Plugins/Animation/ControlRig/Content/Controls/ControlRig_Star4_3mm.uexp" 766
"../../../Engine/Plugins/Animation/ControlRig/Content/Controls/ControlRig_Star4_solid.ubulk" 767
"../../../Engine/Plugins/Animation/ControlRig/Content/Controls/ControlRig_Star4_solid.uasset" 768
"../../../Engine/Plugins/Animation/ControlRig/Content/Controls/ControlRig_Star4_solid.uexp" 769
"../../../Engine/Plugins/Animation/ControlRig/Content/Controls/ControlRig_Triangle_1mm.ubulk" 770
"../../../Engine/Plugins/Animation/ControlRig/Content/Controls/ControlRig_Triangle_1mm.uasset" 771
"../../../Engine/Plugins/Animation/ControlRig/Content/Controls/ControlRig_Triangle_1mm.uexp" 772
"../../../Engine/Plugins/Animation/ControlRig/Content/Controls/ControlRig_Triangle_3mm.ubulk" 773
"../../../Engine/Plugins/Animation/ControlRig/Content/Controls/ControlRig_Triangle_3mm.uasset" 774
"../../../Engine/Plugins/Animation/ControlRig/Content/Controls/ControlRig_Triangle_3mm.uexp" 775
"../../../Engine/Plugins/Animation/ControlRig/Content/Controls/ControlRig_Triangle_solid.ubulk" 776
"../../../Engine/Plugins/Animation/ControlRig/Content/Controls/ControlRig_Triangle_solid.uasset" 777
"../../../Engine/Plugins/Animation/ControlRig/Content/Controls/ControlRig_Triangle_solid.uexp" 778
"../../../Engine/Plugins/Animation/ControlRig/Content/Controls/ControlRig_Wedge_1mm.ubulk" 779
"../../../Engine/Plugins/Animation/ControlRig/Content/Controls/ControlRig_Wedge_1mm.uasset" 780
"../../../Engine/Plugins/Animation/ControlRig/Content/Controls/ControlRig_Wedge_1mm.uexp" 781
"../../../Engine/Plugins/Animation/ControlRig/Content/Controls/ControlRig_Wedge_3mm.ubulk" 782
"../../../Engine/Plugins/Animation/ControlRig/Content/Controls/ControlRig_Wedge_3mm.uasset" 783
"../../../Engine/Plugins/Animation/ControlRig/Content/Controls/ControlRig_Wedge_3mm.uexp" 784
"../../../Engine/Plugins/Animation/ControlRig/Content/Controls/ControlRig_Wedge_solid.ubulk" 785
"../../../Engine/Plugins/Animation/ControlRig/Content/Controls/ControlRig_Wedge_solid.uasset" 786
"../../../Engine/Plugins/Animation/ControlRig/Content/Controls/ControlRig_Wedge_solid.uexp" 787
"../../../Engine/Content/Functions/Engine_MaterialFunctions02/Texturing/CustomRotator.uasset" 788
"../../../Engine/Content/Functions/Engine_MaterialFunctions02/Texturing/CustomRotator.uexp" 789
"../../../Engine/Content/Functions/Engine_MaterialFunctions01/Texturing/ScaleUVsByCenter.uasset" 790
"../../../Engine/Content/Functions/Engine_MaterialFunctions01/Texturing/ScaleUVsByCenter.uexp" 791
"../../../Engine/Content/Functions/Engine_MaterialFunctions01/Gradient/GeneratedRoundRect.uasset" 792
"../../../Engine/Content/Functions/Engine_MaterialFunctions01/Gradient/GeneratedRoundRect.uexp" 793
"../../../Engine/Content/Functions/Engine_MaterialFunctions01/Gradient/SphereGradient-2D.uasset" 794
"../../../Engine/Content/Functions/Engine_MaterialFunctions01/Gradient/SphereGradient-2D.uexp" 795
"../../../Engine/Plugins/Runtime/AudioWidgets/Content/AudioMaterialSlate/Functions/MF_DotOutlined.uasset" 796
"../../../Engine/Plugins/Runtime/AudioWidgets/Content/AudioMaterialSlate/Functions/MF_DotOutlined.uexp" 797
"../../../Engine/Plugins/Runtime/AudioWidgets/Content/AudioMaterialSlate/M_AudioMaterialEnvelope_ADSR.uasset" 798
"../../../Engine/Plugins/Runtime/AudioWidgets/Content/AudioMaterialSlate/M_AudioMaterialEnvelope_ADSR.uexp" 799
"../../../Engine/Plugins/Runtime/AudioWidgets/Content/AudioMaterialSlate/MI_AudioMaterialEnvelope_ADSR.uasset" 800
"../../../Engine/Plugins/Runtime/AudioWidgets/Content/AudioMaterialSlate/MI_AudioMaterialEnvelope_ADSR.uexp" 801
"../../../Engine/Plugins/Runtime/AudioWidgets/Content/AudioMaterialSlate/Functions/MF_SingleLine_Smooth.uasset" 802
"../../../Engine/Plugins/Runtime/AudioWidgets/Content/AudioMaterialSlate/Functions/MF_SingleLine_Smooth.uexp" 803
"../../../Engine/Plugins/Runtime/AudioWidgets/Content/AudioMaterialSlate/Functions/MF_AngleGradient.uasset" 804
"../../../Engine/Plugins/Runtime/AudioWidgets/Content/AudioMaterialSlate/Functions/MF_AngleGradient.uexp" 805
"../../../Engine/Content/Functions/Engine_MaterialFunctions02/Lerp_3Color.uasset" 806
"../../../Engine/Content/Functions/Engine_MaterialFunctions02/Lerp_3Color.uexp" 807
"../../../Engine/Plugins/Runtime/AudioWidgets/Content/AudioMaterialSlate/M_AudioMaterialKnob.uasset" 808
"../../../Engine/Plugins/Runtime/AudioWidgets/Content/AudioMaterialSlate/M_AudioMaterialKnob.uexp" 809
"../../../Engine/Plugins/Runtime/AudioWidgets/Content/AudioMaterialSlate/MI_AudioMaterialKnob.uasset" 810
"../../../Engine/Plugins/Runtime/AudioWidgets/Content/AudioMaterialSlate/MI_AudioMaterialKnob.uexp" 811
"../../../Engine/Plugins/Runtime/AudioWidgets/Content/AudioMaterialSlate/Functions/MF_Lines.uasset" 812
"../../../Engine/Plugins/Runtime/AudioWidgets/Content/AudioMaterialSlate/Functions/MF_Lines.uexp" 813
"../../../Engine/Plugins/Runtime/AudioWidgets/Content/AudioMaterialSlate/M_AudioMaterialMeter.uasset" 814
"../../../Engine/Plugins/Runtime/AudioWidgets/Content/AudioMaterialSlate/M_AudioMaterialMeter.uexp" 815
"../../../Engine/Plugins/Runtime/AudioWidgets/Content/AudioMaterialSlate/MI_AudioMaterialMeter.uasset" 816
"../../../Engine/Plugins/Runtime/AudioWidgets/Content/AudioMaterialSlate/MI_AudioMaterialMeter.uexp" 817
"../../../Engine/Plugins/Runtime/AudioWidgets/Content/AudioMaterialSlate/M_AudioMaterialRoundedSlider.uasset" 818
"../../../Engine/Plugins/Runtime/AudioWidgets/Content/AudioMaterialSlate/M_AudioMaterialRoundedSlider.uexp" 819
"../../../Engine/Plugins/Runtime/AudioWidgets/Content/AudioMaterialSlate/MI_AudioMaterialRoundedSlider.uasset" 820
"../../../Engine/Plugins/Runtime/AudioWidgets/Content/AudioMaterialSlate/MI_AudioMaterialRoundedSlider.uexp" 821
"../../../Engine/Plugins/Runtime/AudioWidgets/Content/AudioMaterialSlate/Functions/MF_SingleLine.uasset" 822
"../../../Engine/Plugins/Runtime/AudioWidgets/Content/AudioMaterialSlate/Functions/MF_SingleLine.uexp" 823
"../../../Engine/Plugins/Runtime/AudioWidgets/Content/AudioMaterialSlate/M_AudioMaterialToggleButton.uasset" 824
"../../../Engine/Plugins/Runtime/AudioWidgets/Content/AudioMaterialSlate/M_AudioMaterialToggleButton.uexp" 825
"../../../Engine/Plugins/Runtime/AudioWidgets/Content/AudioMaterialSlate/MI_AudioMaterialToggleButton.uasset" 826
"../../../Engine/Plugins/Runtime/AudioWidgets/Content/AudioMaterialSlate/MI_AudioMaterialToggleButton.uexp" 827
"../../../Engine/Plugins/2D/Paper2D/Content/DefaultSpriteMaterial.uasset" 828
"../../../Engine/Plugins/2D/Paper2D/Content/DefaultSpriteMaterial.uexp" 829
"../../../Engine/Plugins/2D/Paper2D/Content/MaskedUnlitSpriteMaterial.uasset" 830
"../../../Engine/Plugins/2D/Paper2D/Content/MaskedUnlitSpriteMaterial.uexp" 831
"../../../Engine/Plugins/2D/Paper2D/Content/OpaqueUnlitSpriteMaterial.uasset" 832
"../../../Engine/Plugins/2D/Paper2D/Content/OpaqueUnlitSpriteMaterial.uexp" 833
"../../../Engine/Plugins/Media/MediaPlate/Content/SM_MediaPlateScreen.ubulk" 834
"../../../Engine/Plugins/Media/MediaPlate/Content/SM_MediaPlateScreen.uasset" 835
"../../../Engine/Plugins/Media/MediaPlate/Content/SM_MediaPlateScreen.uexp" 836
"C:/Users/Alrik/Documents/GitHub/TestAndroid/Content/LevelPrototyping/Textures/T_GridChecker_A.ubulk" 837
"C:/Users/Alrik/Documents/GitHub/TestAndroid/Content/LevelPrototyping/Textures/T_GridChecker_A.uasset" 838
"C:/Users/Alrik/Documents/GitHub/TestAndroid/Content/LevelPrototyping/Textures/T_GridChecker_A.uexp" 839
"../../../Engine/Content/Functions/Engine_MaterialFunctions01/Gradient/LinearGradient.uasset" 840
"../../../Engine/Content/Functions/Engine_MaterialFunctions01/Gradient/LinearGradient.uexp" 841
"../../../Engine/Content/Functions/Engine_MaterialFunctions01/ImageAdjustment/CheapContrast.uasset" 842
"../../../Engine/Content/Functions/Engine_MaterialFunctions01/ImageAdjustment/CheapContrast.uexp" 843
"C:/Users/Alrik/Documents/GitHub/TestAndroid/Content/LevelPrototyping/Materials/MF_ProcGrid.uasset" 844
"C:/Users/Alrik/Documents/GitHub/TestAndroid/Content/LevelPrototyping/Materials/MF_ProcGrid.uexp" 845
"C:/Users/Alrik/Documents/GitHub/TestAndroid/Content/LevelPrototyping/Materials/M_PrototypeGrid.uasset" 846
"C:/Users/Alrik/Documents/GitHub/TestAndroid/Content/LevelPrototyping/Materials/M_PrototypeGrid.uexp" 847
"C:/Users/Alrik/Documents/GitHub/TestAndroid/Content/LevelPrototyping/Materials/MI_PrototypeGrid_Gray.uasset" 848
"C:/Users/Alrik/Documents/GitHub/TestAndroid/Content/LevelPrototyping/Materials/MI_PrototypeGrid_Gray.uexp" 849
"C:/Users/Alrik/Documents/GitHub/TestAndroid/Content/LevelPrototyping/Meshes/SM_QuarterCylinder.ubulk" 850
"C:/Users/Alrik/Documents/GitHub/TestAndroid/Content/LevelPrototyping/Meshes/SM_QuarterCylinder.uasset" 851
"C:/Users/Alrik/Documents/GitHub/TestAndroid/Content/LevelPrototyping/Meshes/SM_QuarterCylinder.uexp" 852
"C:/Users/Alrik/Documents/GitHub/TestAndroid/Content/LevelPrototyping/Materials/MI_PrototypeGrid_TopDark.uasset" 853
"C:/Users/Alrik/Documents/GitHub/TestAndroid/Content/LevelPrototyping/Materials/MI_PrototypeGrid_TopDark.uexp" 854
"C:/Users/Alrik/Documents/GitHub/TestAndroid/Content/LevelPrototyping/Materials/M_Solid.uasset" 855
"C:/Users/Alrik/Documents/GitHub/TestAndroid/Content/LevelPrototyping/Materials/M_Solid.uexp" 856
"C:/Users/Alrik/Documents/GitHub/TestAndroid/Content/LevelPrototyping/Materials/MI_Solid_Blue.uasset" 857
"C:/Users/Alrik/Documents/GitHub/TestAndroid/Content/LevelPrototyping/Materials/MI_Solid_Blue.uexp" 858
"C:/Users/Alrik/Documents/GitHub/TestAndroid/Content/LevelPrototyping/Meshes/SM_ChamferCube.ubulk" 859
"C:/Users/Alrik/Documents/GitHub/TestAndroid/Content/LevelPrototyping/Meshes/SM_ChamferCube.uasset" 860
"C:/Users/Alrik/Documents/GitHub/TestAndroid/Content/LevelPrototyping/Meshes/SM_ChamferCube.uexp" 861
"C:/Users/Alrik/Documents/GitHub/TestAndroid/Content/LevelPrototyping/Meshes/SM_Cube.ubulk" 862
"C:/Users/Alrik/Documents/GitHub/TestAndroid/Content/LevelPrototyping/Meshes/SM_Cube.uasset" 863
"C:/Users/Alrik/Documents/GitHub/TestAndroid/Content/LevelPrototyping/Meshes/SM_Cube.uexp" 864
"../../../Engine/Content/EngineSky/T_Sky_Stars.ubulk" 865
"../../../Engine/Content/EngineSky/T_Sky_Stars.uasset" 866
"../../../Engine/Content/EngineSky/T_Sky_Stars.uexp" 867
"../../../Engine/Content/EngineSky/T_Sky_Clouds_M.ubulk" 868
"../../../Engine/Content/EngineSky/T_Sky_Clouds_M.uasset" 869
"../../../Engine/Content/EngineSky/T_Sky_Clouds_M.uexp" 870
"../../../Engine/Content/EngineSky/T_Sky_Blue.ubulk" 871
"../../../Engine/Content/EngineSky/T_Sky_Blue.uasset" 872
"../../../Engine/Content/EngineSky/T_Sky_Blue.uexp" 873
"../../../Engine/Content/EngineSky/M_Sky_Panning_Clouds2.uasset" 874
"../../../Engine/Content/EngineSky/M_Sky_Panning_Clouds2.uexp" 875
"../../../Engine/Content/EngineSky/SM_SkySphere.ubulk" 876
"../../../Engine/Content/EngineSky/SM_SkySphere.uasset" 877
"../../../Engine/Content/EngineSky/SM_SkySphere.uexp" 878
"../../../Engine/Content/EngineSky/M_SimpleSkyDome.uasset" 879
"../../../Engine/Content/EngineSky/M_SimpleSkyDome.uexp" 880
"C:/Users/Alrik/Documents/GitHub/TestAndroid/Content/LevelPrototyping/Meshes/SM_Ramp.ubulk" 881
"C:/Users/Alrik/Documents/GitHub/TestAndroid/Content/LevelPrototyping/Meshes/SM_Ramp.uasset" 882
"C:/Users/Alrik/Documents/GitHub/TestAndroid/Content/LevelPrototyping/Meshes/SM_Ramp.uexp" 883
"../../../Engine/Content/EngineResources/LandscapeVisibilityLayerInfo.uasset" 884
"../../../Engine/Content/EngineResources/LandscapeVisibilityLayerInfo.uexp" 885
"../../../Engine/Content/VREditor/TransformGizmo/StartRotationHandleIndicator.ubulk" 886
"../../../Engine/Content/VREditor/TransformGizmo/StartRotationHandleIndicator.uasset" 887
"../../../Engine/Content/VREditor/TransformGizmo/StartRotationHandleIndicator.uexp" 888
"../../../Engine/Content/VREditor/Sounds/UI/Drop_Item_From_ContentBrowser.ubulk" 889
"../../../Engine/Content/VREditor/Sounds/UI/Drop_Item_From_ContentBrowser.uasset" 890
"../../../Engine/Content/VREditor/Sounds/UI/Drop_Item_From_ContentBrowser.uexp" 891
"../../../Engine/Content/VREditor/TransformGizmo/PlaneTranslationHandle.ubulk" 892
"../../../Engine/Content/VREditor/TransformGizmo/PlaneTranslationHandle.uasset" 893
"../../../Engine/Content/VREditor/TransformGizmo/PlaneTranslationHandle.uexp" 894
"../../../Engine/Content/VREditor/Sounds/UI/Object_Snaps_To_Grid.ubulk" 895
"../../../Engine/Content/VREditor/Sounds/UI/Object_Snaps_To_Grid.uasset" 896
"../../../Engine/Content/VREditor/Sounds/UI/Object_Snaps_To_Grid.uexp" 897
"../../../Engine/Content/VREditor/Sounds/UI/Selection_Changes.ubulk" 898
"../../../Engine/Content/VREditor/Sounds/UI/Selection_Changes.uasset" 899
"../../../Engine/Content/VREditor/Sounds/UI/Selection_Changes.uexp" 900
"../../../Engine/Content/VREditor/Sounds/UI/Object_Snaps_To_Another_Actor.ubulk" 901
"../../../Engine/Content/VREditor/Sounds/UI/Object_Snaps_To_Another_Actor.uasset" 902
"../../../Engine/Content/VREditor/Sounds/UI/Object_Snaps_To_Another_Actor.uexp" 903
"../../../Engine/Content/VREditor/TransformGizmo/TranslucentTransformGizmoMaterial_Inst.uasset" 904
"../../../Engine/Content/VREditor/TransformGizmo/TranslucentTransformGizmoMaterial_Inst.uexp" 905
"../../../Engine/Content/VREditor/TransformGizmo/TransformGizmoFreeRotation.ubulk" 906
"../../../Engine/Content/VREditor/TransformGizmo/TransformGizmoFreeRotation.uasset" 907
"../../../Engine/Content/VREditor/TransformGizmo/TransformGizmoFreeRotation.uexp" 908
"../../../Engine/Content/VREditor/Sounds/UI/Scaling_Down.ubulk" 909
"../../../Engine/Content/VREditor/Sounds/UI/Scaling_Down.uasset" 910
"../../../Engine/Content/VREditor/Sounds/UI/Scaling_Down.uexp" 911
"../../../Engine/Content/Functions/Engine_MaterialFunctions02/SplitComponents.uasset" 912
"../../../Engine/Content/Functions/Engine_MaterialFunctions02/SplitComponents.uexp" 913
"../../../Engine/Content/VREditor/SnapGrid/SnapGridMaterial.uasset" 914
"../../../Engine/Content/VREditor/SnapGrid/SnapGridMaterial.uexp" 915
"../../../Engine/Content/VREditor/SnapGrid/SnapGridPlaneMesh.ubulk" 916
"../../../Engine/Content/VREditor/SnapGrid/SnapGridPlaneMesh.uasset" 917
"../../../Engine/Content/VREditor/SnapGrid/SnapGridPlaneMesh.uexp" 918
"../../../Engine/Content/VREditor/Sounds/UI/Scaling_Up.ubulk" 919
"../../../Engine/Content/VREditor/Sounds/UI/Scaling_Up.uasset" 920
"../../../Engine/Content/VREditor/Sounds/UI/Scaling_Up.uexp" 921
"../../../Engine/Content/VREditor/TransformGizmo/TransformGizmoMaterial_Inst.uasset" 922
"../../../Engine/Content/VREditor/TransformGizmo/TransformGizmoMaterial_Inst.uexp" 923
"../../../Engine/Content/VREditor/Sounds/UI/Gizmo_Handle_Clicked.ubulk" 924
"../../../Engine/Content/VREditor/Sounds/UI/Gizmo_Handle_Clicked.uasset" 925
"../../../Engine/Content/VREditor/Sounds/UI/Gizmo_Handle_Clicked.uexp" 926
"../../../Engine/Content/VREditor/TransformGizmo/RotationHandleQuarter.ubulk" 927
"../../../Engine/Content/VREditor/TransformGizmo/RotationHandleQuarter.uasset" 928
"../../../Engine/Content/VREditor/TransformGizmo/RotationHandleQuarter.uexp" 929
"../../../Engine/Content/VREditor/TransformGizmo/TranslateArrowHandle.ubulk" 930
"../../../Engine/Content/VREditor/TransformGizmo/TranslateArrowHandle.uasset" 931
"../../../Engine/Content/VREditor/TransformGizmo/TranslateArrowHandle.uexp" 932
"../../../Engine/Content/VREditor/TransformGizmo/RotationHandleIndicator.ubulk" 933
"../../../Engine/Content/VREditor/TransformGizmo/RotationHandleIndicator.uasset" 934
"../../../Engine/Content/VREditor/TransformGizmo/RotationHandleIndicator.uexp" 935
"../../../Engine/Content/VREditor/TransformGizmo/UniformScaleHandle.ubulk" 936
"../../../Engine/Content/VREditor/TransformGizmo/UniformScaleHandle.uasset" 937
"../../../Engine/Content/VREditor/TransformGizmo/UniformScaleHandle.uexp" 938
"../../../Engine/Content/VREditor/TransformGizmo/RotationHandleFull.ubulk" 939
"../../../Engine/Content/VREditor/TransformGizmo/RotationHandleFull.uasset" 940
"../../../Engine/Content/VREditor/TransformGizmo/RotationHandleFull.uexp" 941
"../../../Engine/Content/VREditor/Sounds/UI/Object_PickUp.ubulk" 942
"../../../Engine/Content/VREditor/Sounds/UI/Object_PickUp.uasset" 943
"../../../Engine/Content/VREditor/Sounds/UI/Object_PickUp.uexp" 944
"../../../Engine/Plugins/Animation/DeformerGraph/Content/DeformerFunctions/DG_Function_ComputeNormalsTangents.uasset" 945
"../../../Engine/Plugins/Animation/DeformerGraph/Content/DeformerFunctions/DG_Function_ComputeNormalsTangents.uexp" 946
"../../../Engine/Plugins/Animation/DeformerGraph/Content/DeformerFunctions/DG_Function_LinearBlendSkin_Morph_Cloth.uasset" 947
"../../../Engine/Plugins/Animation/DeformerGraph/Content/DeformerFunctions/DG_Function_LinearBlendSkin_Morph_Cloth.uexp" 948
"../../../Engine/Plugins/Animation/DeformerGraph/Content/DeformerFunctions/DG_Function_LinearBlendSkin_Morph_Cloth_PositionOnly.uasset" 949
"../../../Engine/Plugins/Animation/DeformerGraph/Content/DeformerFunctions/DG_Function_LinearBlendSkin_Morph_Cloth_PositionOnly.uexp" 950
"../../../Engine/Plugins/Animation/DeformerGraph/Content/Deformers/DG_LinearBlendSkin_Morph_Cloth.uasset" 951
"../../../Engine/Plugins/Animation/DeformerGraph/Content/Deformers/DG_LinearBlendSkin_Morph_Cloth.uexp" 952
"../../../Engine/Plugins/Animation/DeformerGraph/Content/Deformers/DG_LinearBlendSkin_Morph_Cloth_RecomputeNormals.uasset" 953
"../../../Engine/Plugins/Animation/DeformerGraph/Content/Deformers/DG_LinearBlendSkin_Morph_Cloth_RecomputeNormals.uexp" 954
"C:/Users/Alrik/Documents/GitHub/TestAndroid/Content/Characters/Mannequins/Meshes/SK_Mannequin.uasset" 955
"C:/Users/Alrik/Documents/GitHub/TestAndroid/Content/Characters/Mannequins/Meshes/SK_Mannequin.uexp" 956
"C:/Users/Alrik/Documents/GitHub/TestAndroid/Content/Characters/Mannequins/Textures/Quinn/T_Quinn_02ID_MSR_MSK.ubulk" 957
"C:/Users/Alrik/Documents/GitHub/TestAndroid/Content/Characters/Mannequins/Textures/Quinn/T_Quinn_02ID_MSR_MSK.uasset" 958
"C:/Users/Alrik/Documents/GitHub/TestAndroid/Content/Characters/Mannequins/Textures/Quinn/T_Quinn_02ID_MSR_MSK.uexp" 959
"C:/Users/Alrik/Documents/GitHub/TestAndroid/Content/Characters/Mannequins/Textures/Quinn/T_Quinn_02ID_BN.ubulk" 960
"C:/Users/Alrik/Documents/GitHub/TestAndroid/Content/Characters/Mannequins/Textures/Quinn/T_Quinn_02ID_BN.uasset" 961
"C:/Users/Alrik/Documents/GitHub/TestAndroid/Content/Characters/Mannequins/Textures/Quinn/T_Quinn_02ID_BN.uexp" 962
"C:/Users/Alrik/Documents/GitHub/TestAndroid/Content/Characters/Mannequins/Textures/Quinn/T_Quinn_02_ASAOMASK_MSK.ubulk" 963
"C:/Users/Alrik/Documents/GitHub/TestAndroid/Content/Characters/Mannequins/Textures/Quinn/T_Quinn_02_ASAOMASK_MSK.uasset" 964
"C:/Users/Alrik/Documents/GitHub/TestAndroid/Content/Characters/Mannequins/Textures/Quinn/T_Quinn_02_ASAOMASK_MSK.uexp" 965
"C:/Users/Alrik/Documents/GitHub/TestAndroid/Content/Characters/Mannequins/Textures/Quinn/T_Quinn_02_CCRCCPlastic_MSK.ubulk" 966
"C:/Users/Alrik/Documents/GitHub/TestAndroid/Content/Characters/Mannequins/Textures/Quinn/T_Quinn_02_CCRCCPlastic_MSK.uasset" 967
"C:/Users/Alrik/Documents/GitHub/TestAndroid/Content/Characters/Mannequins/Textures/Quinn/T_Quinn_02_CCRCCPlastic_MSK.uexp" 968
"C:/Users/Alrik/Documents/GitHub/TestAndroid/Content/Characters/Mannequins/Textures/Quinn/T_Quinn_02ID_Tan.ubulk" 969
"C:/Users/Alrik/Documents/GitHub/TestAndroid/Content/Characters/Mannequins/Textures/Quinn/T_Quinn_02ID_Tan.uasset" 970
"C:/Users/Alrik/Documents/GitHub/TestAndroid/Content/Characters/Mannequins/Textures/Quinn/T_Quinn_02ID_Tan.uexp" 971
"C:/Users/Alrik/Documents/GitHub/TestAndroid/Content/Characters/Mannequins/Textures/Quinn/T_Quinn_02ID_D.ubulk" 972
"C:/Users/Alrik/Documents/GitHub/TestAndroid/Content/Characters/Mannequins/Textures/Quinn/T_Quinn_02ID_D.uasset" 973
"C:/Users/Alrik/Documents/GitHub/TestAndroid/Content/Characters/Mannequins/Textures/Quinn/T_Quinn_02ID_D.uexp" 974
"C:/Users/Alrik/Documents/GitHub/TestAndroid/Content/Characters/Mannequins/Textures/Quinn/T_Quinn_01ID_MSR_MSK.ubulk" 975
"C:/Users/Alrik/Documents/GitHub/TestAndroid/Content/Characters/Mannequins/Textures/Quinn/T_Quinn_01ID_MSR_MSK.uasset" 976
"C:/Users/Alrik/Documents/GitHub/TestAndroid/Content/Characters/Mannequins/Textures/Quinn/T_Quinn_01ID_MSR_MSK.uexp" 977
"C:/Users/Alrik/Documents/GitHub/TestAndroid/Content/Characters/Mannequins/Materials/Functions/ChromaticCurve.uasset" 978
"C:/Users/Alrik/Documents/GitHub/TestAndroid/Content/Characters/Mannequins/Materials/Functions/ChromaticCurve.uexp" 979
"C:/Users/Alrik/Documents/GitHub/TestAndroid/Content/Characters/Mannequins/Materials/Functions/CA_Mannequin.uasset" 980
"C:/Users/Alrik/Documents/GitHub/TestAndroid/Content/Characters/Mannequins/Materials/Functions/CA_Mannequin.uexp" 981
"C:/Users/Alrik/Documents/GitHub/TestAndroid/Content/Characters/Mannequins/Materials/Functions/MF_Diffraction.uasset" 982
"C:/Users/Alrik/Documents/GitHub/TestAndroid/Content/Characters/Mannequins/Materials/Functions/MF_Diffraction.uexp" 983
"C:/Users/Alrik/Documents/GitHub/TestAndroid/Content/Characters/Mannequins/Textures/Manny/T_Manny_01_N.ubulk" 984
"C:/Users/Alrik/Documents/GitHub/TestAndroid/Content/Characters/Mannequins/Textures/Manny/T_Manny_01_N.uasset" 985
"C:/Users/Alrik/Documents/GitHub/TestAndroid/Content/Characters/Mannequins/Textures/Manny/T_Manny_01_N.uexp" 986
"C:/Users/Alrik/Documents/GitHub/TestAndroid/Content/Characters/Mannequins/Materials/Functions/ML_BaseColorFallOff.uasset" 987
"C:/Users/Alrik/Documents/GitHub/TestAndroid/Content/Characters/Mannequins/Materials/Functions/ML_BaseColorFallOff.uexp" 988
"C:/Users/Alrik/Documents/GitHub/TestAndroid/Content/Characters/Mannequins/Textures/Shared/T_UE_Logo_M.uasset" 989
"C:/Users/Alrik/Documents/GitHub/TestAndroid/Content/Characters/Mannequins/Textures/Shared/T_UE_Logo_M.uexp" 990
"C:/Users/Alrik/Documents/GitHub/TestAndroid/Content/Characters/Mannequins/Materials/Functions/MF_logo3layers.uasset" 991
"C:/Users/Alrik/Documents/GitHub/TestAndroid/Content/Characters/Mannequins/Materials/Functions/MF_logo3layers.uexp" 992
"C:/Users/Alrik/Documents/GitHub/TestAndroid/Content/Characters/Mannequins/Textures/Manny/T_Manny_01_CCRCCPlastic_MSK.ubulk" 993
"C:/Users/Alrik/Documents/GitHub/TestAndroid/Content/Characters/Mannequins/Textures/Manny/T_Manny_01_CCRCCPlastic_MSK.uasset" 994
"C:/Users/Alrik/Documents/GitHub/TestAndroid/Content/Characters/Mannequins/Textures/Manny/T_Manny_01_CCRCCPlastic_MSK.uexp" 995
"C:/Users/Alrik/Documents/GitHub/TestAndroid/Content/Characters/Mannequins/Textures/Manny/T_Manny_01_ASAOPMASK_MSK.ubulk" 996
"C:/Users/Alrik/Documents/GitHub/TestAndroid/Content/Characters/Mannequins/Textures/Manny/T_Manny_01_ASAOPMASK_MSK.uasset" 997
"C:/Users/Alrik/Documents/GitHub/TestAndroid/Content/Characters/Mannequins/Textures/Manny/T_Manny_01_ASAOPMASK_MSK.uexp" 998
"C:/Users/Alrik/Documents/GitHub/TestAndroid/Content/Characters/Mannequins/Textures/Manny/T_Manny_01_MSR_MSK.ubulk" 999
"C:/Users/Alrik/Documents/GitHub/TestAndroid/Content/Characters/Mannequins/Textures/Manny/T_Manny_01_MSR_MSK.uasset" 1000
"C:/Users/Alrik/Documents/GitHub/TestAndroid/Content/Characters/Mannequins/Textures/Manny/T_Manny_01_MSR_MSK.uexp" 1001
"C:/Users/Alrik/Documents/GitHub/TestAndroid/Content/Characters/Mannequins/Textures/Manny/T_Manny_01_BN.ubulk" 1002
"C:/Users/Alrik/Documents/GitHub/TestAndroid/Content/Characters/Mannequins/Textures/Manny/T_Manny_01_BN.uasset" 1003
"C:/Users/Alrik/Documents/GitHub/TestAndroid/Content/Characters/Mannequins/Textures/Manny/T_Manny_01_BN.uexp" 1004
"C:/Users/Alrik/Documents/GitHub/TestAndroid/Content/Characters/Mannequins/Textures/Manny/T_Manny_01_D.ubulk" 1005
"C:/Users/Alrik/Documents/GitHub/TestAndroid/Content/Characters/Mannequins/Textures/Manny/T_Manny_01_D.uasset" 1006
"C:/Users/Alrik/Documents/GitHub/TestAndroid/Content/Characters/Mannequins/Textures/Manny/T_Manny_01_D.uexp" 1007
"C:/Users/Alrik/Documents/GitHub/TestAndroid/Content/Characters/Mannequins/Textures/Manny/T_Manny_01_Tan.ubulk" 1008
"C:/Users/Alrik/Documents/GitHub/TestAndroid/Content/Characters/Mannequins/Textures/Manny/T_Manny_01_Tan.uasset" 1009
"C:/Users/Alrik/Documents/GitHub/TestAndroid/Content/Characters/Mannequins/Textures/Manny/T_Manny_01_Tan.uexp" 1010
"C:/Users/Alrik/Documents/GitHub/TestAndroid/Content/Characters/Mannequins/Materials/M_Mannequin.uasset" 1011
"C:/Users/Alrik/Documents/GitHub/TestAndroid/Content/Characters/Mannequins/Materials/M_Mannequin.uexp" 1012
"C:/Users/Alrik/Documents/GitHub/TestAndroid/Content/Characters/Mannequins/Textures/Quinn/T_Quinn_01_ASAOMASK_MSK.ubulk" 1013
"C:/Users/Alrik/Documents/GitHub/TestAndroid/Content/Characters/Mannequins/Textures/Quinn/T_Quinn_01_ASAOMASK_MSK.uasset" 1014
"C:/Users/Alrik/Documents/GitHub/TestAndroid/Content/Characters/Mannequins/Textures/Quinn/T_Quinn_01_ASAOMASK_MSK.uexp" 1015
"C:/Users/Alrik/Documents/GitHub/TestAndroid/Content/Characters/Mannequins/Textures/Quinn/T_Quinn_01ID_N.ubulk" 1016
"C:/Users/Alrik/Documents/GitHub/TestAndroid/Content/Characters/Mannequins/Textures/Quinn/T_Quinn_01ID_N.uasset" 1017
"C:/Users/Alrik/Documents/GitHub/TestAndroid/Content/Characters/Mannequins/Textures/Quinn/T_Quinn_01ID_N.uexp" 1018
"C:/Users/Alrik/Documents/GitHub/TestAndroid/Content/Characters/Mannequins/Textures/Quinn/T_Quinn_01ID_BN.ubulk" 1019
"C:/Users/Alrik/Documents/GitHub/TestAndroid/Content/Characters/Mannequins/Textures/Quinn/T_Quinn_01ID_BN.uasset" 1020
"C:/Users/Alrik/Documents/GitHub/TestAndroid/Content/Characters/Mannequins/Textures/Quinn/T_Quinn_01ID_BN.uexp" 1021
"C:/Users/Alrik/Documents/GitHub/TestAndroid/Content/Characters/Mannequins/Textures/Quinn/T_Quinn_01ID_D.ubulk" 1022
"C:/Users/Alrik/Documents/GitHub/TestAndroid/Content/Characters/Mannequins/Textures/Quinn/T_Quinn_01ID_D.uasset" 1023
"C:/Users/Alrik/Documents/GitHub/TestAndroid/Content/Characters/Mannequins/Textures/Quinn/T_Quinn_01ID_D.uexp" 1024
"C:/Users/Alrik/Documents/GitHub/TestAndroid/Content/Characters/Mannequins/Textures/Quinn/T_Quinn_01ID_Tan.ubulk" 1025
"C:/Users/Alrik/Documents/GitHub/TestAndroid/Content/Characters/Mannequins/Textures/Quinn/T_Quinn_01ID_Tan.uasset" 1026
"C:/Users/Alrik/Documents/GitHub/TestAndroid/Content/Characters/Mannequins/Textures/Quinn/T_Quinn_01ID_Tan.uexp" 1027
"C:/Users/Alrik/Documents/GitHub/TestAndroid/Content/Characters/Mannequins/Textures/Quinn/T_Quinn_01_CCRCCPlastic_MSK.ubulk" 1028
"C:/Users/Alrik/Documents/GitHub/TestAndroid/Content/Characters/Mannequins/Textures/Quinn/T_Quinn_01_CCRCCPlastic_MSK.uasset" 1029
"C:/Users/Alrik/Documents/GitHub/TestAndroid/Content/Characters/Mannequins/Textures/Quinn/T_Quinn_01_CCRCCPlastic_MSK.uexp" 1030
"C:/Users/Alrik/Documents/GitHub/TestAndroid/Content/Characters/Mannequins/Materials/Instances/Quinn/MI_Quinn_01.uasset" 1031
"C:/Users/Alrik/Documents/GitHub/TestAndroid/Content/Characters/Mannequins/Materials/Instances/Quinn/MI_Quinn_01.uexp" 1032
"C:/Users/Alrik/Documents/GitHub/TestAndroid/Content/Characters/Mannequins/Textures/Quinn/T_Quinn_02ID_N.ubulk" 1033
"C:/Users/Alrik/Documents/GitHub/TestAndroid/Content/Characters/Mannequins/Textures/Quinn/T_Quinn_02ID_N.uasset" 1034
"C:/Users/Alrik/Documents/GitHub/TestAndroid/Content/Characters/Mannequins/Textures/Quinn/T_Quinn_02ID_N.uexp" 1035
"C:/Users/Alrik/Documents/GitHub/TestAndroid/Content/Characters/Mannequins/Materials/Instances/Quinn/MI_Quinn_02.uasset" 1036
"C:/Users/Alrik/Documents/GitHub/TestAndroid/Content/Characters/Mannequins/Materials/Instances/Quinn/MI_Quinn_02.uexp" 1037
"C:/Users/Alrik/Documents/GitHub/TestAndroid/Content/Characters/Mannequins/Rigs/PA_Mannequin.uasset" 1038
"C:/Users/Alrik/Documents/GitHub/TestAndroid/Content/Characters/Mannequins/Rigs/PA_Mannequin.uexp" 1039
"C:/Users/Alrik/Documents/GitHub/TestAndroid/Content/Characters/Mannequins/Meshes/SKM_Quinn_Simple.uasset" 1040
"C:/Users/Alrik/Documents/GitHub/TestAndroid/Content/Characters/Mannequins/Meshes/SKM_Quinn_Simple.uexp" 1041
"C:/Users/Alrik/Documents/GitHub/TestAndroid/Content/ThirdPerson/Input/Actions/IA_Jump.uasset" 1042
"C:/Users/Alrik/Documents/GitHub/TestAndroid/Content/ThirdPerson/Input/Actions/IA_Jump.uexp" 1043
"C:/Users/Alrik/Documents/GitHub/TestAndroid/Content/ThirdPerson/Input/Actions/IA_Look.uasset" 1044
"C:/Users/Alrik/Documents/GitHub/TestAndroid/Content/ThirdPerson/Input/Actions/IA_Look.uexp" 1045
"C:/Users/Alrik/Documents/GitHub/TestAndroid/Content/ThirdPerson/Input/Actions/IA_Move.uasset" 1046
"C:/Users/Alrik/Documents/GitHub/TestAndroid/Content/ThirdPerson/Input/Actions/IA_Move.uexp" 1047
"C:/Users/Alrik/Documents/GitHub/TestAndroid/Content/ThirdPerson/Input/IMC_Default.uasset" 1048
"C:/Users/Alrik/Documents/GitHub/TestAndroid/Content/ThirdPerson/Input/IMC_Default.uexp" 1049
"../../../Engine/Content/Animation/DefaultAnimCurveCompressionSettings.uasset" 1050
"../../../Engine/Content/Animation/DefaultAnimCurveCompressionSettings.uexp" 1051
"../../../Engine/Content/Animation/DefaultAnimBoneCompressionSettings.uasset" 1052
"../../../Engine/Content/Animation/DefaultAnimBoneCompressionSettings.uexp" 1053
"C:/Users/Alrik/Documents/GitHub/TestAndroid/Content/Characters/Mannequins/Animations/Quinn/MF_Run_Fwd.uasset" 1054
"C:/Users/Alrik/Documents/GitHub/TestAndroid/Content/Characters/Mannequins/Animations/Quinn/MF_Run_Fwd.m.ubulk" 1055
"C:/Users/Alrik/Documents/GitHub/TestAndroid/Content/Characters/Mannequins/Animations/Quinn/MF_Run_Fwd.uexp" 1056
"C:/Users/Alrik/Documents/GitHub/TestAndroid/Content/Characters/Mannequins/Animations/Quinn/MF_Walk_Fwd.uasset" 1057
"C:/Users/Alrik/Documents/GitHub/TestAndroid/Content/Characters/Mannequins/Animations/Quinn/MF_Walk_Fwd.m.ubulk" 1058
"C:/Users/Alrik/Documents/GitHub/TestAndroid/Content/Characters/Mannequins/Animations/Quinn/MF_Walk_Fwd.uexp" 1059
"../../../Engine/Content/Animation/DefaultRecorderBoneCompression.uasset" 1060
"../../../Engine/Content/Animation/DefaultRecorderBoneCompression.uexp" 1061
"C:/Users/Alrik/Documents/GitHub/TestAndroid/Content/Characters/Mannequins/Animations/Manny/MM_Walk_InPlace.uasset" 1062
"C:/Users/Alrik/Documents/GitHub/TestAndroid/Content/Characters/Mannequins/Animations/Manny/MM_Walk_InPlace.m.ubulk" 1063
"C:/Users/Alrik/Documents/GitHub/TestAndroid/Content/Characters/Mannequins/Animations/Manny/MM_Walk_InPlace.uexp" 1064
"C:/Users/Alrik/Documents/GitHub/TestAndroid/Content/Characters/Mannequins/Animations/Quinn/BS_MF_Unarmed_WalkRun.uasset" 1065
"C:/Users/Alrik/Documents/GitHub/TestAndroid/Content/Characters/Mannequins/Animations/Quinn/BS_MF_Unarmed_WalkRun.uexp" 1066
"C:/Users/Alrik/Documents/GitHub/TestAndroid/Content/Characters/Mannequins/Animations/Quinn/MF_Idle.uasset" 1067
"C:/Users/Alrik/Documents/GitHub/TestAndroid/Content/Characters/Mannequins/Animations/Quinn/MF_Idle.m.ubulk" 1068
"C:/Users/Alrik/Documents/GitHub/TestAndroid/Content/Characters/Mannequins/Animations/Quinn/MF_Idle.uexp" 1069
"../../../Engine/Content/Animation/DefaultVariableFrameStrippingSettings.uasset" 1070
"../../../Engine/Content/Animation/DefaultVariableFrameStrippingSettings.uexp" 1071
"C:/Users/Alrik/Documents/GitHub/TestAndroid/Content/Characters/Mannequins/Animations/Manny/MM_Fall_Loop.uasset" 1072
"C:/Users/Alrik/Documents/GitHub/TestAndroid/Content/Characters/Mannequins/Animations/Manny/MM_Fall_Loop.m.ubulk" 1073
"C:/Users/Alrik/Documents/GitHub/TestAndroid/Content/Characters/Mannequins/Animations/Manny/MM_Fall_Loop.uexp" 1074
"C:/Users/Alrik/Documents/GitHub/TestAndroid/Content/Characters/Mannequins/Animations/Manny/MM_Jump.uasset" 1075
"C:/Users/Alrik/Documents/GitHub/TestAndroid/Content/Characters/Mannequins/Animations/Manny/MM_Jump.m.ubulk" 1076
"C:/Users/Alrik/Documents/GitHub/TestAndroid/Content/Characters/Mannequins/Animations/Manny/MM_Jump.uexp" 1077
"../../../Engine/Plugins/Animation/ControlRig/Content/Controls/DefaultGizmoLibrary.uasset" 1078
"../../../Engine/Plugins/Animation/ControlRig/Content/Controls/DefaultGizmoLibrary.uexp" 1079
"C:/Users/Alrik/Documents/GitHub/TestAndroid/Content/Characters/Mannequins/Rigs/CR_Mannequin_BasicFootIK.uasset" 1080
"C:/Users/Alrik/Documents/GitHub/TestAndroid/Content/Characters/Mannequins/Rigs/CR_Mannequin_BasicFootIK.uexp" 1081
"C:/Users/Alrik/Documents/GitHub/TestAndroid/Content/Characters/Mannequins/Animations/Manny/MM_Run_Fwd.uasset" 1082
"C:/Users/Alrik/Documents/GitHub/TestAndroid/Content/Characters/Mannequins/Animations/Manny/MM_Run_Fwd.m.ubulk" 1083
"C:/Users/Alrik/Documents/GitHub/TestAndroid/Content/Characters/Mannequins/Animations/Manny/MM_Run_Fwd.uexp" 1084
"C:/Users/Alrik/Documents/GitHub/TestAndroid/Content/Characters/Mannequins/Animations/Manny/MM_Walk_Fwd.uasset" 1085
"C:/Users/Alrik/Documents/GitHub/TestAndroid/Content/Characters/Mannequins/Animations/Manny/MM_Walk_Fwd.m.ubulk" 1086
"C:/Users/Alrik/Documents/GitHub/TestAndroid/Content/Characters/Mannequins/Animations/Manny/MM_Walk_Fwd.uexp" 1087
"C:/Users/Alrik/Documents/GitHub/TestAndroid/Content/Characters/Mannequins/Animations/Manny/BS_MM_WalkRun.uasset" 1088
"C:/Users/Alrik/Documents/GitHub/TestAndroid/Content/Characters/Mannequins/Animations/Manny/BS_MM_WalkRun.uexp" 1089
"C:/Users/Alrik/Documents/GitHub/TestAndroid/Content/Characters/Mannequins/Animations/Manny/MM_Land.uasset" 1090
"C:/Users/Alrik/Documents/GitHub/TestAndroid/Content/Characters/Mannequins/Animations/Manny/MM_Land.m.ubulk" 1091
"C:/Users/Alrik/Documents/GitHub/TestAndroid/Content/Characters/Mannequins/Animations/Manny/MM_Land.uexp" 1092
"C:/Users/Alrik/Documents/GitHub/TestAndroid/Content/Characters/Mannequins/Animations/Manny/MM_Idle.uasset" 1093
"C:/Users/Alrik/Documents/GitHub/TestAndroid/Content/Characters/Mannequins/Animations/Manny/MM_Idle.m.ubulk" 1094
"C:/Users/Alrik/Documents/GitHub/TestAndroid/Content/Characters/Mannequins/Animations/Manny/MM_Idle.uexp" 1095
"C:/Users/Alrik/Documents/GitHub/TestAndroid/Content/Characters/Mannequins/Animations/ABP_Manny.uasset" 1096
"C:/Users/Alrik/Documents/GitHub/TestAndroid/Content/Characters/Mannequins/Animations/ABP_Manny.uexp" 1097
"C:/Users/Alrik/Documents/GitHub/TestAndroid/Content/Characters/Mannequins/Animations/ABP_Quinn.uasset" 1098
"C:/Users/Alrik/Documents/GitHub/TestAndroid/Content/Characters/Mannequins/Animations/ABP_Quinn.uexp" 1099
"C:/Users/Alrik/Documents/GitHub/TestAndroid/Content/ThirdPerson/Blueprints/BP_ThirdPersonCharacter.uasset" 1100
"C:/Users/Alrik/Documents/GitHub/TestAndroid/Content/ThirdPerson/Blueprints/BP_ThirdPersonCharacter.uexp" 1101
"C:/Users/Alrik/Documents/GitHub/TestAndroid/Content/ThirdPerson/Blueprints/BP_ThirdPersonGameMode.uasset" 1102
"C:/Users/Alrik/Documents/GitHub/TestAndroid/Content/ThirdPerson/Blueprints/BP_ThirdPersonGameMode.uexp" 1103
"C:/Users/Alrik/Documents/GitHub/TestAndroid/Content/ThirdPerson/Maps/ThirdPersonMap.uexp" 1104
"C:/Users/Alrik/Documents/GitHub/TestAndroid/Content/ThirdPerson/Maps/ThirdPersonMap.umap" 1105
"../../../Engine/Content/Maps/Entry_BuiltData.uasset" 1106
"../../../Engine/Content/Maps/Entry_BuiltData.uexp" 1107
"../../../Engine/Content/Maps/Entry.uexp" 1108
"../../../Engine/Content/Maps/Entry.umap" 1109
